1ah1-v01;  EGLNRPSGGCG-v1; 1;   -26.78; 0.016478;    0.000;    0.000;
1ah1-v01;  EGLNRPSGGCG-v1; 2;   -24.27; 0.005980;    4.082;   10.441;
1ah1-v01;  EGLNRPSGGCG-v1; 3;   -24.27; 0.005980;    2.904;    4.767;
1ah1-v01;  EGLNRPSGGCG-v1; 4;   -24.27; 0.005980;    4.502;   15.644;
1ah1-v01;  EGLNRPSGGCG-v1; 5;   -24.27; 0.005980;    4.618;   10.593;
1ah1-v01;  EGLNRPSGGCG-v1; 6;   -23.85; 0.005047;    3.409;    6.546;
1ah1-v01;  EGLNRPSGGCG-v1; 7;   -23.01; 0.003595;    2.974;    4.808;
1ah1-v01;  EGLNRPSGGCG-v1; 8;   -22.59; 0.003034;    4.355;   17.430;
1ah1-v01;  EGLNRPSGGCG-v1; 9;   -22.59; 0.003034;    3.962;    7.361;
1ah1-v02;  EGLNRPSGGCG-v1; 1;   -24.27; 0.005980;    0.000;    0.000;
1ah1-v02;  EGLNRPSGGCG-v1; 2;   -23.01; 0.003595;   12.393;   17.785;
1ah1-v02;  EGLNRPSGGCG-v1; 3;   -22.59; 0.003034;   13.075;   16.929;
1ah1-v02;  EGLNRPSGGCG-v1; 4;   -22.59; 0.003034;   13.593;   20.482;
1ah1-v02;  EGLNRPSGGCG-v1; 5;   -22.18; 0.002571;    1.917;    2.547;
1ah1-v02;  EGLNRPSGGCG-v1; 6;   -22.18; 0.002571;   12.329;   16.773;
1ah1-v02;  EGLNRPSGGCG-v1; 7;   -22.18; 0.002571;   14.880;   20.218;
1ah1-v02;  EGLNRPSGGCG-v1; 8;   -22.18; 0.002571;   12.713;   19.855;
1ah1-v02;  EGLNRPSGGCG-v1; 9;   -21.76; 0.002170;   14.021;   18.115;
1ah1-v03;  EGLNRPSGGCG-v1; 1;   -18.83; 0.000665;    0.000;    0.000;
1ah1-v03;  EGLNRPSGGCG-v1; 2;   -18.41; 0.000561;    4.743;   10.591;
1ah1-v03;  EGLNRPSGGCG-v1; 3;   -16.74; 0.000286;    4.589;   10.694;
1ah1-v03;  EGLNRPSGGCG-v1; 4;   -16.74; 0.000286;    4.451;    8.241;
1ah1-v03;  EGLNRPSGGCG-v1; 5;   -16.32; 0.000241;    3.290;   14.905;
1ah1-v03;  EGLNRPSGGCG-v1; 6;   -16.32; 0.000241;    4.732;    7.512;
1ah1-v03;  EGLNRPSGGCG-v1; 7;   -16.32; 0.000241;    3.755;   14.454;
1ah1-v03;  EGLNRPSGGCG-v1; 8;   -16.32; 0.000241;    3.707;   10.038;
1ah1-v03;  EGLNRPSGGCG-v1; 9;   -16.32; 0.000241;    4.894;   16.946;
1ah1-v05;  EGLNRPSGGCG-v1; 1;    -5.02; 0.000003;    0.000;    0.000;
1ah1-v05;  EGLNRPSGGCG-v1; 2;    -5.02; 0.000003;    1.769;    2.091;
1ah1-v05;  EGLNRPSGGCG-v1; 3;    -5.02; 0.000003;    8.416;   21.098;
1ah1-v05;  EGLNRPSGGCG-v1; 4;    -4.60; 0.000002;    4.828;    6.789;
1ah1-v05;  EGLNRPSGGCG-v1; 5;    -2.93; 0.000001;    4.752;    6.044;
1ah1-v05;  EGLNRPSGGCG-v1; 6;    -2.93; 0.000001;    8.970;   20.224;
1ah1-v05;  EGLNRPSGGCG-v1; 7;    -0.84; 0.000000;    5.188;    8.398;
1ah1-v05;  EGLNRPSGGCG-v1; 8;    -0.00; 0.000000;    4.537;   17.015;
1ah1-v05;  EGLNRPSGGCG-v1; 9;     4.18; 0.000000;    2.120;    3.081;
1ah1-v06;  EGLNRPSGGCG-v1; 1;   -23.01; 0.003595;    0.000;    0.000;
1ah1-v06;  EGLNRPSGGCG-v1; 2;   -23.01; 0.003595;   21.797;   26.090;
1ah1-v06;  EGLNRPSGGCG-v1; 3;   -23.01; 0.003595;    1.774;    2.324;
1ah1-v06;  EGLNRPSGGCG-v1; 4;   -22.18; 0.002571;   17.006;   22.511;
1ah1-v06;  EGLNRPSGGCG-v1; 5;   -22.18; 0.002571;    2.269;    3.493;
1ah1-v06;  EGLNRPSGGCG-v1; 6;   -21.76; 0.002170;    4.960;   16.981;
1ah1-v06;  EGLNRPSGGCG-v1; 7;   -21.76; 0.002170;    2.834;    6.469;
1ah1-v06;  EGLNRPSGGCG-v1; 8;   -21.76; 0.002170;   12.479;   22.019;
1ah1-v06;  EGLNRPSGGCG-v1; 9;   -21.76; 0.002170;   21.392;   26.369;
1ah1-v07;  EGLNRPSGGCG-v1; 1;   -21.76; 0.002170;    0.000;    0.000;
1ah1-v07;  EGLNRPSGGCG-v1; 2;   -21.34; 0.001832;   19.436;   25.992;
1ah1-v07;  EGLNRPSGGCG-v1; 3;   -20.50; 0.001305;   15.746;   21.466;
1ah1-v07;  EGLNRPSGGCG-v1; 4;   -20.50; 0.001305;   27.484;   32.988;
1ah1-v07;  EGLNRPSGGCG-v1; 5;   -20.50; 0.001305;   17.060;   21.825;
1ah1-v07;  EGLNRPSGGCG-v1; 6;   -20.50; 0.001305;   35.182;   39.875;
1ah1-v07;  EGLNRPSGGCG-v1; 7;   -20.50; 0.001305;   25.787;   30.081;
1ah1-v07;  EGLNRPSGGCG-v1; 8;   -20.08; 0.001101;   15.540;   22.040;
1ah1-v07;  EGLNRPSGGCG-v1; 9;   -20.08; 0.001101;   19.424;   24.481;
1ah1-v08;  EGLNRPSGGCG-v1; 1;   -19.66; 0.000929;    0.000;    0.000;
1ah1-v08;  EGLNRPSGGCG-v1; 2;   -18.83; 0.000665;   26.099;   31.684;
1ah1-v08;  EGLNRPSGGCG-v1; 3;   -17.99; 0.000474;   22.620;   27.565;
1ah1-v08;  EGLNRPSGGCG-v1; 4;   -17.99; 0.000474;   25.938;   31.403;
1ah1-v08;  EGLNRPSGGCG-v1; 5;   -17.99; 0.000474;    1.953;    2.922;
1ah1-v08;  EGLNRPSGGCG-v1; 6;   -17.99; 0.000474;   23.148;   28.872;
1ah1-v08;  EGLNRPSGGCG-v1; 7;   -17.99; 0.000474;    3.182;    8.869;
1ah1-v08;  EGLNRPSGGCG-v1; 8;   -17.57; 0.000400;   22.886;   28.031;
1ah1-v08;  EGLNRPSGGCG-v1; 9;   -17.57; 0.000400;   27.097;   33.998;
1ah1-v09;  EGLNRPSGGCG-v1; 1;   -23.85; 0.005047;    0.000;    0.000;
1ah1-v09;  EGLNRPSGGCG-v1; 2;   -23.43; 0.004260;    8.145;   14.223;
1ah1-v09;  EGLNRPSGGCG-v1; 3;   -23.43; 0.004260;   14.096;   18.039;
1ah1-v09;  EGLNRPSGGCG-v1; 4;   -23.01; 0.003595;    4.264;   12.282;
1ah1-v09;  EGLNRPSGGCG-v1; 5;   -22.59; 0.003034;   11.994;   20.152;
1ah1-v09;  EGLNRPSGGCG-v1; 6;   -22.59; 0.003034;    5.268;   13.889;
1ah1-v09;  EGLNRPSGGCG-v1; 7;   -22.18; 0.002571;   14.065;   21.330;
1ah1-v09;  EGLNRPSGGCG-v1; 8;   -22.18; 0.002571;   13.595;   18.719;
1ah1-v09;  EGLNRPSGGCG-v1; 9;   -21.76; 0.002170;    7.274;   14.780;
1ah1-v11;  EGLNRPSGGCG-v1; 1;   -24.27; 0.005980;    0.000;    0.000;
1ah1-v11;  EGLNRPSGGCG-v1; 2;   -23.43; 0.004260;    1.843;    2.658;
1ah1-v11;  EGLNRPSGGCG-v1; 3;   -22.59; 0.003034;    1.950;    2.530;
1ah1-v11;  EGLNRPSGGCG-v1; 4;   -22.59; 0.003034;    9.317;   14.026;
1ah1-v11;  EGLNRPSGGCG-v1; 5;   -22.18; 0.002571;    9.884;   15.159;
1ah1-v11;  EGLNRPSGGCG-v1; 6;   -21.76; 0.002170;    9.752;   16.349;
1ah1-v11;  EGLNRPSGGCG-v1; 7;   -20.92; 0.001546;    2.061;    2.954;
1ah1-v11;  EGLNRPSGGCG-v1; 8;   -20.92; 0.001546;    2.326;    3.473;
1ah1-v11;  EGLNRPSGGCG-v1; 9;   -20.92; 0.001546;    1.898;    2.446;
1ah1-v12;  EGLNRPSGGCG-v1; 1;    -0.00; 0.000000;    0.000;    0.000;
1ah1-v13;  EGLNRPSGGCG-v1; 1;   -20.92; 0.001546;    0.000;    0.000;
1ah1-v13;  EGLNRPSGGCG-v1; 2;   -19.25; 0.000788;   10.420;   15.467;
1ah1-v13;  EGLNRPSGGCG-v1; 3;   -18.41; 0.000561;   10.164;   16.050;
1ah1-v13;  EGLNRPSGGCG-v1; 4;   -17.99; 0.000474;    6.933;   15.196;
1ah1-v13;  EGLNRPSGGCG-v1; 5;   -17.99; 0.000474;    8.984;   14.266;
1ah1-v13;  EGLNRPSGGCG-v1; 6;   -17.57; 0.000400;    6.757;   15.286;
1ah1-v13;  EGLNRPSGGCG-v1; 7;   -17.57; 0.000400;   10.045;   14.917;
1ah1-v13;  EGLNRPSGGCG-v1; 8;   -17.57; 0.000400;    6.778;   14.406;
1ah1-v13;  EGLNRPSGGCG-v1; 9;   -17.15; 0.000337;    6.767;   15.835;
1ah1-v14;  EGLNRPSGGCG-v1; 1;   -24.27; 0.005980;    0.000;    0.000;
1ah1-v14;  EGLNRPSGGCG-v1; 2;   -24.27; 0.005980;    2.121;    2.885;
1ah1-v14;  EGLNRPSGGCG-v1; 3;   -24.27; 0.005980;    2.107;    3.055;
1ah1-v14;  EGLNRPSGGCG-v1; 4;   -24.27; 0.005980;    1.574;    2.090;
1ah1-v14;  EGLNRPSGGCG-v1; 5;   -23.85; 0.005047;    2.167;    3.309;
1ah1-v14;  EGLNRPSGGCG-v1; 6;   -23.01; 0.003595;    2.740;    4.561;
1ah1-v14;  EGLNRPSGGCG-v1; 7;   -23.01; 0.003595;    5.751;   11.828;
1ah1-v14;  EGLNRPSGGCG-v1; 8;   -22.18; 0.002571;    3.427;    7.495;
1ah1-v14;  EGLNRPSGGCG-v1; 9;   -22.18; 0.002571;    5.979;   12.468;
1ah1-v15;  EGLNRPSGGCG-v1; 1;   -28.03; 0.027297;    0.000;    0.000;
1ah1-v15;  EGLNRPSGGCG-v1; 2;   -26.36; 0.013907;    4.633;    8.538;
1ah1-v15;  EGLNRPSGGCG-v1; 3;   -25.94; 0.011738;    4.993;    8.307;
1ah1-v15;  EGLNRPSGGCG-v1; 4;   -25.10; 0.008361;   12.474;   15.649;
1ah1-v15;  EGLNRPSGGCG-v1; 5;   -25.10; 0.008361;    4.951;    8.861;
1ah1-v15;  EGLNRPSGGCG-v1; 6;   -25.10; 0.008361;    4.537;   15.125;
1ah1-v15;  EGLNRPSGGCG-v1; 7;   -24.69; 0.007085;    4.759;    8.554;
1ah1-v15;  EGLNRPSGGCG-v1; 8;   -24.69; 0.007085;    4.630;   10.176;
1ah1-v15;  EGLNRPSGGCG-v1; 9;   -24.69; 0.007085;    5.673;   14.960;
1ah1-v16;  EGLNRPSGGCG-v1; 1;   -19.66; 0.000929;    0.000;    0.000;
1ah1-v16;  EGLNRPSGGCG-v1; 2;   -19.25; 0.000788;    2.483;    3.160;
1ah1-v16;  EGLNRPSGGCG-v1; 3;   -19.25; 0.000788;    2.373;    3.057;
1ah1-v16;  EGLNRPSGGCG-v1; 4;   -18.83; 0.000665;   29.874;   36.085;
1ah1-v16;  EGLNRPSGGCG-v1; 5;   -18.41; 0.000561;    5.656;   15.251;
1ah1-v16;  EGLNRPSGGCG-v1; 6;   -18.41; 0.000561;    2.010;    3.421;
1ah1-v16;  EGLNRPSGGCG-v1; 7;   -17.57; 0.000400;    5.823;   15.674;
1ah1-v16;  EGLNRPSGGCG-v1; 8;   -16.74; 0.000286;    3.393;    6.363;
1ah1-v16;  EGLNRPSGGCG-v1; 9;   -16.32; 0.000241;   15.861;   20.556;
1ah1-v17;  EGLNRPSGGCG-v1; 1;   -23.01; 0.003595;    0.000;    0.000;
1ah1-v17;  EGLNRPSGGCG-v1; 2;   -22.59; 0.003034;    3.399;    7.441;
1ah1-v17;  EGLNRPSGGCG-v1; 3;   -21.76; 0.002170;    5.140;   13.885;
1ah1-v17;  EGLNRPSGGCG-v1; 4;   -21.76; 0.002170;   17.810;   22.535;
1ah1-v17;  EGLNRPSGGCG-v1; 5;   -21.76; 0.002170;    3.322;    5.291;
1ah1-v17;  EGLNRPSGGCG-v1; 6;   -21.76; 0.002170;    3.950;   12.103;
1ah1-v17;  EGLNRPSGGCG-v1; 7;   -21.34; 0.001832;    4.428;    6.141;
1ah1-v17;  EGLNRPSGGCG-v1; 8;   -21.34; 0.001832;    6.011;   11.777;
1ah1-v17;  EGLNRPSGGCG-v1; 9;   -20.92; 0.001546;    3.703;    8.782;
1ah1-v18;  EGLNRPSGGCG-v1; 1;   -15.06; 0.000145;    0.000;    0.000;
1ah1-v18;  EGLNRPSGGCG-v1; 2;   -14.64; 0.000122;   18.712;   23.389;
1ah1-v18;  EGLNRPSGGCG-v1; 3;   -14.23; 0.000104;    2.348;    4.204;
1ah1-v18;  EGLNRPSGGCG-v1; 4;   -13.39; 0.000074;   18.633;   23.375;
1ah1-v18;  EGLNRPSGGCG-v1; 5;   -12.13; 0.000044;   24.223;   30.718;
1ah1-v18;  EGLNRPSGGCG-v1; 6;   -11.30; 0.000032;    2.825;    4.702;
1ah1-v18;  EGLNRPSGGCG-v1; 7;    -9.62; 0.000016;   16.163;   25.105;
1ah1-v18;  EGLNRPSGGCG-v1; 8;    -9.62; 0.000016;    1.816;    2.019;
1ah1-v18;  EGLNRPSGGCG-v1; 9;    -9.20; 0.000014;    2.599;    3.429;
1ah1-v19;  EGLNRPSGGCG-v1; 1;   -21.76; 0.002170;    0.000;    0.000;
1ah1-v19;  EGLNRPSGGCG-v1; 2;   -21.34; 0.001832;    2.556;    5.132;
1ah1-v19;  EGLNRPSGGCG-v1; 3;   -20.50; 0.001305;    2.327;    5.618;
1ah1-v19;  EGLNRPSGGCG-v1; 4;   -20.08; 0.001101;    5.744;    9.594;
1ah1-v19;  EGLNRPSGGCG-v1; 5;   -19.66; 0.000929;    5.599;    9.791;
1ah1-v19;  EGLNRPSGGCG-v1; 6;   -19.66; 0.000929;    8.221;   16.006;
1ah1-v19;  EGLNRPSGGCG-v1; 7;   -19.66; 0.000929;   10.013;   17.107;
1ah1-v19;  EGLNRPSGGCG-v1; 8;   -19.25; 0.000788;   10.235;   15.679;
1ah1-v19;  EGLNRPSGGCG-v1; 9;   -19.25; 0.000788;    6.196;    9.325;
1ah1-v20;  EGLNRPSGGCG-v1; 1;    -7.53; 0.000007;    0.000;    0.000;
1ah1-v20;  EGLNRPSGGCG-v1; 2;    -6.69; 0.000005;   35.716;   43.085;
1ah1-v20;  EGLNRPSGGCG-v1; 3;    -6.28; 0.000004;    3.934;   13.528;
1ah1-v20;  EGLNRPSGGCG-v1; 4;    -5.86; 0.000004;    3.164;   11.678;
1ah1-v20;  EGLNRPSGGCG-v1; 5;    -5.86; 0.000004;    2.217;    2.973;
1ah1-v20;  EGLNRPSGGCG-v1; 6;    -5.44; 0.000003;    3.658;   13.059;
1ah1-v20;  EGLNRPSGGCG-v1; 7;    -4.18; 0.000002;    2.710;    3.798;
1ah1-v20;  EGLNRPSGGCG-v1; 8;    -4.18; 0.000002;    3.233;    3.621;
1ah1-v20;  EGLNRPSGGCG-v1; 9;    -3.35; 0.000001;   16.192;   25.410;
1ah1-v01;  YDPEYRNFWGCG-v1; 1;   -24.27; 0.005980;    0.000;    0.000;
1ah1-v01;  YDPEYRNFWGCG-v1; 2;   -20.50; 0.001305;    2.067;    2.772;
1ah1-v01;  YDPEYRNFWGCG-v1; 3;   -20.08; 0.001101;    2.805;    6.286;
1ah1-v01;  YDPEYRNFWGCG-v1; 4;   -20.08; 0.001101;    1.604;    2.520;
1ah1-v01;  YDPEYRNFWGCG-v1; 5;   -19.66; 0.000929;   19.494;   23.813;
1ah1-v01;  YDPEYRNFWGCG-v1; 6;   -19.25; 0.000788;    6.852;   16.313;
1ah1-v01;  YDPEYRNFWGCG-v1; 7;   -18.83; 0.000665;   18.817;   23.997;
1ah1-v01;  YDPEYRNFWGCG-v1; 8;   -18.83; 0.000665;   19.408;   23.931;
1ah1-v01;  YDPEYRNFWGCG-v1; 9;   -18.41; 0.000561;    6.489;   15.120;
1ah1-v02;  YDPEYRNFWGCG-v1; 1;   -27.20; 0.019523;    0.000;    0.000;
1ah1-v02;  YDPEYRNFWGCG-v1; 2;   -26.36; 0.013907;   23.547;   29.158;
1ah1-v02;  YDPEYRNFWGCG-v1; 3;   -25.94; 0.011738;   16.702;   23.065;
1ah1-v02;  YDPEYRNFWGCG-v1; 4;   -25.94; 0.011738;   18.469;   23.909;
1ah1-v02;  YDPEYRNFWGCG-v1; 5;   -25.94; 0.011738;   23.810;   29.097;
1ah1-v02;  YDPEYRNFWGCG-v1; 6;   -25.10; 0.008361;   18.329;   22.395;
1ah1-v02;  YDPEYRNFWGCG-v1; 7;   -25.10; 0.008361;   17.212;   23.940;
1ah1-v02;  YDPEYRNFWGCG-v1; 8;   -25.10; 0.008361;   19.638;   25.109;
1ah1-v02;  YDPEYRNFWGCG-v1; 9;   -25.10; 0.008361;   17.467;   24.881;
1ah1-v03;  YDPEYRNFWGCG-v1; 1;   -17.15; 0.000337;    0.000;    0.000;
1ah1-v03;  YDPEYRNFWGCG-v1; 2;   -16.74; 0.000286;    2.659;    4.075;
1ah1-v03;  YDPEYRNFWGCG-v1; 3;   -16.74; 0.000286;   25.171;   33.618;
1ah1-v03;  YDPEYRNFWGCG-v1; 4;   -16.32; 0.000241;    2.499;    3.449;
1ah1-v03;  YDPEYRNFWGCG-v1; 5;   -15.90; 0.000204;   26.494;   40.111;
1ah1-v03;  YDPEYRNFWGCG-v1; 6;   -15.48; 0.000172;   24.926;   34.826;
1ah1-v03;  YDPEYRNFWGCG-v1; 7;   -15.48; 0.000172;   25.957;   33.947;
1ah1-v03;  YDPEYRNFWGCG-v1; 8;   -15.06; 0.000145;   26.551;   38.807;
1ah1-v03;  YDPEYRNFWGCG-v1; 9;   -15.06; 0.000145;   23.788;   36.284;
1ah1-v04;  YDPEYRNFWGCG-v1; 1;  1240.97; 0.000000;    0.000;    0.000;
1ah1-v05;  YDPEYRNFWGCG-v1; 1;    -5.02; 0.000003;    0.000;    0.000;
1ah1-v06;  YDPEYRNFWGCG-v1; 1;   -22.59; 0.003034;    0.000;    0.000;
1ah1-v06;  YDPEYRNFWGCG-v1; 2;   -22.59; 0.003034;   16.662;   23.090;
1ah1-v06;  YDPEYRNFWGCG-v1; 3;   -22.59; 0.003034;   13.525;   22.686;
1ah1-v06;  YDPEYRNFWGCG-v1; 4;   -22.59; 0.003034;    4.037;    8.425;
1ah1-v06;  YDPEYRNFWGCG-v1; 5;   -22.18; 0.002571;   17.535;   27.434;
1ah1-v06;  YDPEYRNFWGCG-v1; 6;   -21.76; 0.002170;    3.565;   15.341;
1ah1-v06;  YDPEYRNFWGCG-v1; 7;   -21.76; 0.002170;    4.171;   14.602;
1ah1-v06;  YDPEYRNFWGCG-v1; 8;   -21.76; 0.002170;    1.431;    2.024;
1ah1-v06;  YDPEYRNFWGCG-v1; 9;   -21.34; 0.001832;    2.917;    7.234;
1ah1-v07;  YDPEYRNFWGCG-v1; 1;   -29.71; 0.053795;    0.000;    0.000;
1ah1-v07;  YDPEYRNFWGCG-v1; 2;   -28.45; 0.032342;   15.109;   23.071;
1ah1-v07;  YDPEYRNFWGCG-v1; 3;   -27.20; 0.019523;   12.908;   21.725;
1ah1-v07;  YDPEYRNFWGCG-v1; 4;   -27.20; 0.019523;   13.142;   21.596;
1ah1-v07;  YDPEYRNFWGCG-v1; 5;   -26.78; 0.016478;   17.006;   23.368;
1ah1-v07;  YDPEYRNFWGCG-v1; 6;   -26.78; 0.016478;   14.596;   22.104;
1ah1-v07;  YDPEYRNFWGCG-v1; 7;   -26.78; 0.016478;   13.455;   21.680;
1ah1-v07;  YDPEYRNFWGCG-v1; 8;   -26.36; 0.013907;    5.129;   10.702;
1ah1-v07;  YDPEYRNFWGCG-v1; 9;   -25.94; 0.011738;    5.624;   13.881;
1ah1-v08;  YDPEYRNFWGCG-v1; 1;   -19.25; 0.000788;    0.000;    0.000;
1ah1-v08;  YDPEYRNFWGCG-v1; 2;   -18.83; 0.000665;   26.015;   32.834;
1ah1-v08;  YDPEYRNFWGCG-v1; 3;   -18.83; 0.000665;   27.290;   34.844;
1ah1-v08;  YDPEYRNFWGCG-v1; 4;   -18.83; 0.000665;   17.131;   23.848;
1ah1-v08;  YDPEYRNFWGCG-v1; 5;   -18.83; 0.000665;   34.729;   40.688;
1ah1-v08;  YDPEYRNFWGCG-v1; 6;   -17.99; 0.000474;   24.340;   30.395;
1ah1-v08;  YDPEYRNFWGCG-v1; 7;   -17.99; 0.000474;    3.734;   10.083;
1ah1-v08;  YDPEYRNFWGCG-v1; 8;   -17.99; 0.000474;   10.035;   19.143;
1ah1-v08;  YDPEYRNFWGCG-v1; 9;   -17.99; 0.000474;    9.003;   18.105;
1ah1-v09;  YDPEYRNFWGCG-v1; 1;   -27.20; 0.019523;    0.000;    0.000;
1ah1-v09;  YDPEYRNFWGCG-v1; 2;   -26.36; 0.013907;    2.978;    3.957;
1ah1-v09;  YDPEYRNFWGCG-v1; 3;   -26.36; 0.013907;    2.526;    5.052;
1ah1-v09;  YDPEYRNFWGCG-v1; 4;   -26.36; 0.013907;    3.789;    8.337;
1ah1-v09;  YDPEYRNFWGCG-v1; 5;   -25.94; 0.011738;   12.140;   20.024;
1ah1-v09;  YDPEYRNFWGCG-v1; 6;   -25.94; 0.011738;   13.154;   18.122;
1ah1-v09;  YDPEYRNFWGCG-v1; 7;   -25.52; 0.009907;    8.405;   18.613;
1ah1-v09;  YDPEYRNFWGCG-v1; 8;   -25.10; 0.008361;    3.015;    5.510;
1ah1-v09;  YDPEYRNFWGCG-v1; 9;   -25.10; 0.008361;   11.570;   16.820;
1ah1-v10;  YDPEYRNFWGCG-v1; 1;   730.94; 0.000000;    0.000;    0.000;
1ah1-v11;  YDPEYRNFWGCG-v1; 1;   -20.08; 0.001101;    0.000;    0.000;
1ah1-v11;  YDPEYRNFWGCG-v1; 2;   -19.66; 0.000929;   10.945;   17.918;
1ah1-v11;  YDPEYRNFWGCG-v1; 3;   -19.25; 0.000788;   10.171;   17.714;
1ah1-v11;  YDPEYRNFWGCG-v1; 4;   -19.25; 0.000788;    7.467;   15.406;
1ah1-v11;  YDPEYRNFWGCG-v1; 5;   -18.83; 0.000665;   10.154;   18.264;
1ah1-v11;  YDPEYRNFWGCG-v1; 6;   -18.83; 0.000665;    2.338;    4.114;
1ah1-v11;  YDPEYRNFWGCG-v1; 7;   -17.99; 0.000474;   10.891;   19.011;
1ah1-v11;  YDPEYRNFWGCG-v1; 8;   -17.99; 0.000474;    9.771;   17.782;
1ah1-v11;  YDPEYRNFWGCG-v1; 9;   -17.99; 0.000474;    9.724;   18.110;
1ah1-v12;  YDPEYRNFWGCG-v1; 1;    13.81; 0.000000;    0.000;    0.000;
1ah1-v13;  YDPEYRNFWGCG-v1; 1;   -23.85; 0.005047;    0.000;    0.000;
1ah1-v13;  YDPEYRNFWGCG-v1; 2;   -23.01; 0.003595;    2.380;    3.924;
1ah1-v13;  YDPEYRNFWGCG-v1; 3;   -22.18; 0.002571;    2.105;    3.008;
1ah1-v13;  YDPEYRNFWGCG-v1; 4;   -20.50; 0.001305;    6.457;   15.676;
1ah1-v13;  YDPEYRNFWGCG-v1; 5;   -20.08; 0.001101;    2.406;    3.343;
1ah1-v13;  YDPEYRNFWGCG-v1; 6;   -19.25; 0.000788;    1.901;    2.826;
1ah1-v13;  YDPEYRNFWGCG-v1; 7;   -18.41; 0.000561;    6.225;   14.715;
1ah1-v13;  YDPEYRNFWGCG-v1; 8;   -17.99; 0.000474;    7.061;   14.872;
1ah1-v13;  YDPEYRNFWGCG-v1; 9;   -17.57; 0.000400;    7.051;   15.058;
1ah1-v14;  YDPEYRNFWGCG-v1; 1;   -23.85; 0.005047;    0.000;    0.000;
1ah1-v14;  YDPEYRNFWGCG-v1; 2;   -23.01; 0.003595;    2.991;    6.564;
1ah1-v14;  YDPEYRNFWGCG-v1; 3;   -23.01; 0.003595;    2.274;    5.400;
1ah1-v14;  YDPEYRNFWGCG-v1; 4;   -22.59; 0.003034;    2.578;    6.193;
1ah1-v14;  YDPEYRNFWGCG-v1; 5;   -22.59; 0.003034;    2.855;    8.942;
1ah1-v14;  YDPEYRNFWGCG-v1; 6;   -22.59; 0.003034;    3.150;    8.484;
1ah1-v14;  YDPEYRNFWGCG-v1; 7;   -22.18; 0.002571;    3.113;    6.519;
1ah1-v14;  YDPEYRNFWGCG-v1; 8;   -22.18; 0.002571;    3.027;    8.853;
1ah1-v14;  YDPEYRNFWGCG-v1; 9;   -22.18; 0.002571;    2.818;    6.050;
1ah1-v15;  YDPEYRNFWGCG-v1; 1;   -24.69; 0.007085;    0.000;    0.000;
1ah1-v15;  YDPEYRNFWGCG-v1; 2;   -24.27; 0.005980;   15.741;   24.835;
1ah1-v15;  YDPEYRNFWGCG-v1; 3;   -23.43; 0.004260;   15.455;   24.282;
1ah1-v15;  YDPEYRNFWGCG-v1; 4;   -22.18; 0.002571;   15.886;   25.605;
1ah1-v15;  YDPEYRNFWGCG-v1; 5;   -22.18; 0.002571;   15.177;   21.906;
1ah1-v15;  YDPEYRNFWGCG-v1; 6;   -22.18; 0.002571;    3.388;    7.841;
1ah1-v15;  YDPEYRNFWGCG-v1; 7;   -22.18; 0.002571;    2.864;    4.703;
1ah1-v15;  YDPEYRNFWGCG-v1; 8;   -22.18; 0.002571;    3.260;    9.784;
1ah1-v15;  YDPEYRNFWGCG-v1; 9;   -22.18; 0.002571;   18.763;   26.377;
1ah1-v16;  YDPEYRNFWGCG-v1; 1;   -22.59; 0.003034;    0.000;    0.000;
1ah1-v16;  YDPEYRNFWGCG-v1; 2;   -20.92; 0.001546;    3.146;    5.145;
1ah1-v16;  YDPEYRNFWGCG-v1; 3;   -20.50; 0.001305;    2.205;    3.363;
1ah1-v16;  YDPEYRNFWGCG-v1; 4;   -20.50; 0.001305;    2.882;    5.093;
1ah1-v16;  YDPEYRNFWGCG-v1; 5;   -19.25; 0.000788;    2.944;    5.499;
1ah1-v16;  YDPEYRNFWGCG-v1; 6;   -18.83; 0.000665;    3.255;    6.595;
1ah1-v16;  YDPEYRNFWGCG-v1; 7;   -18.41; 0.000561;    7.063;   12.139;
1ah1-v16;  YDPEYRNFWGCG-v1; 8;   -17.99; 0.000474;    3.888;   18.639;
1ah1-v16;  YDPEYRNFWGCG-v1; 9;   -17.57; 0.000400;    2.775;    5.416;
1ah1-v17;  YDPEYRNFWGCG-v1; 1;   -25.94; 0.011738;    0.000;    0.000;
1ah1-v17;  YDPEYRNFWGCG-v1; 2;   -25.10; 0.008361;    4.679;   11.986;
1ah1-v17;  YDPEYRNFWGCG-v1; 3;   -24.69; 0.007085;    6.539;   13.897;
1ah1-v17;  YDPEYRNFWGCG-v1; 4;   -24.27; 0.005980;    4.215;    9.539;
1ah1-v17;  YDPEYRNFWGCG-v1; 5;   -24.27; 0.005980;    1.635;    2.181;
1ah1-v17;  YDPEYRNFWGCG-v1; 6;   -23.85; 0.005047;    2.638;    6.073;
1ah1-v17;  YDPEYRNFWGCG-v1; 7;   -23.43; 0.004260;    3.816;   16.322;
1ah1-v17;  YDPEYRNFWGCG-v1; 8;   -23.43; 0.004260;   25.712;   35.263;
1ah1-v17;  YDPEYRNFWGCG-v1; 9;   -23.01; 0.003595;    5.174;   15.577;
1ah1-v18;  YDPEYRNFWGCG-v1; 1;   -13.39; 0.000074;    0.000;    0.000;
1ah1-v18;  YDPEYRNFWGCG-v1; 2;   -12.97; 0.000062;    4.572;   18.660;
1ah1-v18;  YDPEYRNFWGCG-v1; 3;   -12.97; 0.000062;    1.807;    2.412;
1ah1-v18;  YDPEYRNFWGCG-v1; 4;   -11.30; 0.000032;    4.994;   19.447;
1ah1-v18;  YDPEYRNFWGCG-v1; 5;   -10.88; 0.000027;    5.008;   19.329;
1ah1-v18;  YDPEYRNFWGCG-v1; 6;   -10.46; 0.000023;   11.056;   21.569;
1ah1-v18;  YDPEYRNFWGCG-v1; 7;    -9.62; 0.000016;    2.665;    3.669;
1ah1-v18;  YDPEYRNFWGCG-v1; 8;    -9.62; 0.000016;   11.105;   21.371;
1ah1-v18;  YDPEYRNFWGCG-v1; 9;    -9.20; 0.000014;   10.888;   20.180;
1ah1-v19;  YDPEYRNFWGCG-v1; 1;   -24.27; 0.005980;    0.000;    0.000;
1ah1-v19;  YDPEYRNFWGCG-v1; 2;   -23.85; 0.005047;    2.214;    3.637;
1ah1-v19;  YDPEYRNFWGCG-v1; 3;   -22.18; 0.002571;    3.776;    7.258;
1ah1-v19;  YDPEYRNFWGCG-v1; 4;   -21.76; 0.002170;    4.309;    7.784;
1ah1-v19;  YDPEYRNFWGCG-v1; 5;   -21.76; 0.002170;   24.414;   32.292;
1ah1-v19;  YDPEYRNFWGCG-v1; 6;   -21.34; 0.001832;    3.532;    7.383;
1ah1-v19;  YDPEYRNFWGCG-v1; 7;   -21.34; 0.001832;   24.325;   33.790;
1ah1-v19;  YDPEYRNFWGCG-v1; 8;   -20.92; 0.001546;   24.663;   30.828;
1ah1-v19;  YDPEYRNFWGCG-v1; 9;   -20.50; 0.001305;    3.979;    7.963;
1ah1-v20;  YDPEYRNFWGCG-v1; 1;    -7.53; 0.000007;    0.000;    0.000;
1ah1-v20;  YDPEYRNFWGCG-v1; 2;    -7.11; 0.000006;    5.701;   22.701;
1ah1-v20;  YDPEYRNFWGCG-v1; 3;    -7.11; 0.000006;    6.642;   22.685;
1ah1-v20;  YDPEYRNFWGCG-v1; 4;    -5.44; 0.000003;    2.542;    3.512;
1ah1-v20;  YDPEYRNFWGCG-v1; 5;    -5.44; 0.000003;    5.637;   20.370;
1ah1-v20;  YDPEYRNFWGCG-v1; 6;    -3.77; 0.000002;    5.183;   21.312;
1ah1-v20;  YDPEYRNFWGCG-v1; 7;    -3.77; 0.000002;   14.801;   29.985;
1ah1-v20;  YDPEYRNFWGCG-v1; 8;    -1.67; 0.000001;   15.733;   29.452;
1ah1-v20;  YDPEYRNFWGCG-v1; 9;    -1.67; 0.000001;    5.388;   20.630;
