1ah1-v01; EGLNRPSGGCG-v1; 1;   -26.78; 0.000000;    0.000;    0.000;
1ah1-v01; EGLNRPSGGCG-v1; 2;   -24.27; 0.000000;    4.082;   10.441;
1ah1-v01; EGLNRPSGGCG-v1; 3;   -24.27; 0.000000;    2.904;    4.767;
1ah1-v01; EGLNRPSGGCG-v1; 4;   -24.27; 0.000000;    4.502;   15.644;
1ah1-v01; EGLNRPSGGCG-v1; 5;   -24.27; 0.000000;    4.618;   10.593;
1ah1-v01; EGLNRPSGGCG-v1; 6;   -23.85; 0.000000;    3.409;    6.546;
1ah1-v01; EGLNRPSGGCG-v1; 7;   -23.01; 0.000000;    2.974;    4.808;
1ah1-v01; EGLNRPSGGCG-v1; 8;   -22.59; 0.000000;    4.355;   17.430;
1ah1-v01; EGLNRPSGGCG-v1; 9;   -22.59; 0.000000;    3.962;    7.361;
1ah1-v02; EGLNRPSGGCG-v1; 1;   -24.27; 0.000000;    0.000;    0.000;
1ah1-v02; EGLNRPSGGCG-v1; 2;   -23.01; 0.000000;   12.393;   17.785;
1ah1-v02; EGLNRPSGGCG-v1; 3;   -22.59; 0.000000;   13.075;   16.929;
1ah1-v02; EGLNRPSGGCG-v1; 4;   -22.59; 0.000000;   13.593;   20.482;
1ah1-v02; EGLNRPSGGCG-v1; 5;   -22.18; 0.000000;    1.917;    2.547;
1ah1-v02; EGLNRPSGGCG-v1; 6;   -22.18; 0.000000;   12.329;   16.773;
1ah1-v02; EGLNRPSGGCG-v1; 7;   -22.18; 0.000000;   14.880;   20.218;
1ah1-v02; EGLNRPSGGCG-v1; 8;   -22.18; 0.000000;   12.713;   19.855;
1ah1-v02; EGLNRPSGGCG-v1; 9;   -21.76; 0.000000;   14.021;   18.115;
1ah1-v03; EGLNRPSGGCG-v1; 1;   -18.83; 0.000000;    0.000;    0.000;
1ah1-v03; EGLNRPSGGCG-v1; 2;   -18.41; 0.000000;    4.743;   10.591;
1ah1-v03; EGLNRPSGGCG-v1; 3;   -16.74; 0.000000;    4.589;   10.694;
1ah1-v03; EGLNRPSGGCG-v1; 4;   -16.74; 0.000000;    4.451;    8.241;
1ah1-v03; EGLNRPSGGCG-v1; 5;   -16.32; 0.000000;    3.290;   14.905;
1ah1-v03; EGLNRPSGGCG-v1; 6;   -16.32; 0.000000;    4.732;    7.512;
1ah1-v03; EGLNRPSGGCG-v1; 7;   -16.32; 0.000000;    3.755;   14.454;
1ah1-v03; EGLNRPSGGCG-v1; 8;   -16.32; 0.000000;    3.707;   10.038;
1ah1-v03; EGLNRPSGGCG-v1; 9;   -16.32; 0.000000;    4.894;   16.946;
1ah1-v05; EGLNRPSGGCG-v1; 1;    -5.02; 0.000000;    0.000;    0.000;
1ah1-v05; EGLNRPSGGCG-v1; 2;    -5.02; 0.000000;    1.769;    2.091;
1ah1-v05; EGLNRPSGGCG-v1; 3;    -5.02; 0.000000;    8.416;   21.098;
1ah1-v05; EGLNRPSGGCG-v1; 4;    -4.60; 0.000000;    4.828;    6.789;
1ah1-v05; EGLNRPSGGCG-v1; 5;    -2.93; 0.000000;    4.752;    6.044;
1ah1-v05; EGLNRPSGGCG-v1; 6;    -2.93; 0.000000;    8.970;   20.224;
1ah1-v05; EGLNRPSGGCG-v1; 7;    -0.84; 0.000000;    5.188;    8.398;
1ah1-v05; EGLNRPSGGCG-v1; 8;    -0.00; 0.000000;    4.537;   17.015;
1ah1-v05; EGLNRPSGGCG-v1; 9;     4.18; 0.000000;    2.120;    3.081;
1ah1-v06; EGLNRPSGGCG-v1; 1;   -23.01; 0.000000;    0.000;    0.000;
1ah1-v06; EGLNRPSGGCG-v1; 2;   -23.01; 0.000000;   21.797;   26.090;
1ah1-v06; EGLNRPSGGCG-v1; 3;   -23.01; 0.000000;    1.774;    2.324;
1ah1-v06; EGLNRPSGGCG-v1; 4;   -22.18; 0.000000;   17.006;   22.511;
1ah1-v06; EGLNRPSGGCG-v1; 5;   -22.18; 0.000000;    2.269;    3.493;
1ah1-v06; EGLNRPSGGCG-v1; 6;   -21.76; 0.000000;    4.960;   16.981;
1ah1-v06; EGLNRPSGGCG-v1; 7;   -21.76; 0.000000;    2.834;    6.469;
1ah1-v06; EGLNRPSGGCG-v1; 8;   -21.76; 0.000000;   12.479;   22.019;
1ah1-v06; EGLNRPSGGCG-v1; 9;   -21.76; 0.000000;   21.392;   26.369;
1ah1-v07; EGLNRPSGGCG-v1; 1;   -21.76; 0.000000;    0.000;    0.000;
1ah1-v07; EGLNRPSGGCG-v1; 2;   -21.34; 0.000000;   19.436;   25.992;
1ah1-v07; EGLNRPSGGCG-v1; 3;   -20.50; 0.000000;   15.746;   21.466;
1ah1-v07; EGLNRPSGGCG-v1; 4;   -20.50; 0.000000;   27.484;   32.988;
1ah1-v07; EGLNRPSGGCG-v1; 5;   -20.50; 0.000000;   17.060;   21.825;
1ah1-v07; EGLNRPSGGCG-v1; 6;   -20.50; 0.000000;   35.182;   39.875;
1ah1-v07; EGLNRPSGGCG-v1; 7;   -20.50; 0.000000;   25.787;   30.081;
1ah1-v07; EGLNRPSGGCG-v1; 8;   -20.08; 0.000000;   15.540;   22.040;
1ah1-v07; EGLNRPSGGCG-v1; 9;   -20.08; 0.000000;   19.424;   24.481;
1ah1-v08; EGLNRPSGGCG-v1; 1;   -19.66; 0.000000;    0.000;    0.000;
1ah1-v08; EGLNRPSGGCG-v1; 2;   -18.83; 0.000000;   26.099;   31.684;
1ah1-v08; EGLNRPSGGCG-v1; 3;   -17.99; 0.000000;   22.620;   27.565;
1ah1-v08; EGLNRPSGGCG-v1; 4;   -17.99; 0.000000;   25.938;   31.403;
1ah1-v08; EGLNRPSGGCG-v1; 5;   -17.99; 0.000000;    1.953;    2.922;
1ah1-v08; EGLNRPSGGCG-v1; 6;   -17.99; 0.000000;   23.148;   28.872;
1ah1-v08; EGLNRPSGGCG-v1; 7;   -17.99; 0.000000;    3.182;    8.869;
1ah1-v08; EGLNRPSGGCG-v1; 8;   -17.57; 0.000000;   22.886;   28.031;
1ah1-v08; EGLNRPSGGCG-v1; 9;   -17.57; 0.000000;   27.097;   33.998;
1ah1-v09; EGLNRPSGGCG-v1; 1;   -23.85; 0.000000;    0.000;    0.000;
1ah1-v09; EGLNRPSGGCG-v1; 2;   -23.43; 0.000000;    8.145;   14.223;
1ah1-v09; EGLNRPSGGCG-v1; 3;   -23.43; 0.000000;   14.096;   18.039;
1ah1-v09; EGLNRPSGGCG-v1; 4;   -23.01; 0.000000;    4.264;   12.282;
1ah1-v09; EGLNRPSGGCG-v1; 5;   -22.59; 0.000000;   11.994;   20.152;
1ah1-v09; EGLNRPSGGCG-v1; 6;   -22.59; 0.000000;    5.268;   13.889;
1ah1-v09; EGLNRPSGGCG-v1; 7;   -22.18; 0.000000;   14.065;   21.330;
1ah1-v09; EGLNRPSGGCG-v1; 8;   -22.18; 0.000000;   13.595;   18.719;
1ah1-v09; EGLNRPSGGCG-v1; 9;   -21.76; 0.000000;    7.274;   14.780;
1ah1-v11; EGLNRPSGGCG-v1; 1;   -24.27; 0.000000;    0.000;    0.000;
1ah1-v11; EGLNRPSGGCG-v1; 2;   -23.43; 0.000000;    1.843;    2.658;
1ah1-v11; EGLNRPSGGCG-v1; 3;   -22.59; 0.000000;    1.950;    2.530;
1ah1-v11; EGLNRPSGGCG-v1; 4;   -22.59; 0.000000;    9.317;   14.026;
1ah1-v11; EGLNRPSGGCG-v1; 5;   -22.18; 0.000000;    9.884;   15.159;
1ah1-v11; EGLNRPSGGCG-v1; 6;   -21.76; 0.000000;    9.752;   16.349;
1ah1-v11; EGLNRPSGGCG-v1; 7;   -20.92; 0.000000;    2.061;    2.954;
1ah1-v11; EGLNRPSGGCG-v1; 8;   -20.92; 0.000000;    2.326;    3.473;
1ah1-v11; EGLNRPSGGCG-v1; 9;   -20.92; 0.000000;    1.898;    2.446;
1ah1-v12; EGLNRPSGGCG-v1; 1;    -0.00; 0.000000;    0.000;    0.000;
1ah1-v13; EGLNRPSGGCG-v1; 1;   -20.92; 0.000000;    0.000;    0.000;
1ah1-v13; EGLNRPSGGCG-v1; 2;   -19.25; 0.000000;   10.420;   15.467;
1ah1-v13; EGLNRPSGGCG-v1; 3;   -18.41; 0.000000;   10.164;   16.050;
1ah1-v13; EGLNRPSGGCG-v1; 4;   -17.99; 0.000000;    6.933;   15.196;
1ah1-v13; EGLNRPSGGCG-v1; 5;   -17.99; 0.000000;    8.984;   14.266;
1ah1-v13; EGLNRPSGGCG-v1; 6;   -17.57; 0.000000;    6.757;   15.286;
1ah1-v13; EGLNRPSGGCG-v1; 7;   -17.57; 0.000000;   10.045;   14.917;
1ah1-v13; EGLNRPSGGCG-v1; 8;   -17.57; 0.000000;    6.778;   14.406;
1ah1-v13; EGLNRPSGGCG-v1; 9;   -17.15; 0.000000;    6.767;   15.835;
1ah1-v14; EGLNRPSGGCG-v1; 1;   -24.27; 0.000000;    0.000;    0.000;
1ah1-v14; EGLNRPSGGCG-v1; 2;   -24.27; 0.000000;    2.121;    2.885;
1ah1-v14; EGLNRPSGGCG-v1; 3;   -24.27; 0.000000;    2.107;    3.055;
1ah1-v14; EGLNRPSGGCG-v1; 4;   -24.27; 0.000000;    1.574;    2.090;
1ah1-v14; EGLNRPSGGCG-v1; 5;   -23.85; 0.000000;    2.167;    3.309;
1ah1-v14; EGLNRPSGGCG-v1; 6;   -23.01; 0.000000;    2.740;    4.561;
1ah1-v14; EGLNRPSGGCG-v1; 7;   -23.01; 0.000000;    5.751;   11.828;
1ah1-v14; EGLNRPSGGCG-v1; 8;   -22.18; 0.000000;    3.427;    7.495;
1ah1-v14; EGLNRPSGGCG-v1; 9;   -22.18; 0.000000;    5.979;   12.468;
1ah1-v15; EGLNRPSGGCG-v1; 1;   -28.03; 0.000000;    0.000;    0.000;
1ah1-v15; EGLNRPSGGCG-v1; 2;   -26.36; 0.000000;    4.633;    8.538;
1ah1-v15; EGLNRPSGGCG-v1; 3;   -25.94; 0.000000;    4.993;    8.307;
1ah1-v15; EGLNRPSGGCG-v1; 4;   -25.10; 0.000000;   12.474;   15.649;
1ah1-v15; EGLNRPSGGCG-v1; 5;   -25.10; 0.000000;    4.951;    8.861;
1ah1-v15; EGLNRPSGGCG-v1; 6;   -25.10; 0.000000;    4.537;   15.125;
1ah1-v15; EGLNRPSGGCG-v1; 7;   -24.69; 0.000000;    4.759;    8.554;
1ah1-v15; EGLNRPSGGCG-v1; 8;   -24.69; 0.000000;    4.630;   10.176;
1ah1-v15; EGLNRPSGGCG-v1; 9;   -24.69; 0.000000;    5.673;   14.960;
1ah1-v16; EGLNRPSGGCG-v1; 1;   -19.66; 0.000000;    0.000;    0.000;
1ah1-v16; EGLNRPSGGCG-v1; 2;   -19.25; 0.000000;    2.483;    3.160;
1ah1-v16; EGLNRPSGGCG-v1; 3;   -19.25; 0.000000;    2.373;    3.057;
1ah1-v16; EGLNRPSGGCG-v1; 4;   -18.83; 0.000000;   29.874;   36.085;
1ah1-v16; EGLNRPSGGCG-v1; 5;   -18.41; 0.000000;    5.656;   15.251;
1ah1-v16; EGLNRPSGGCG-v1; 6;   -18.41; 0.000000;    2.010;    3.421;
1ah1-v16; EGLNRPSGGCG-v1; 7;   -17.57; 0.000000;    5.823;   15.674;
1ah1-v16; EGLNRPSGGCG-v1; 8;   -16.74; 0.000000;    3.393;    6.363;
1ah1-v16; EGLNRPSGGCG-v1; 9;   -16.32; 0.000000;   15.861;   20.556;
1ah1-v17; EGLNRPSGGCG-v1; 1;   -23.01; 0.000000;    0.000;    0.000;
1ah1-v17; EGLNRPSGGCG-v1; 2;   -22.59; 0.000000;    3.399;    7.441;
1ah1-v17; EGLNRPSGGCG-v1; 3;   -21.76; 0.000000;    5.140;   13.885;
1ah1-v17; EGLNRPSGGCG-v1; 4;   -21.76; 0.000000;   17.810;   22.535;
1ah1-v17; EGLNRPSGGCG-v1; 5;   -21.76; 0.000000;    3.322;    5.291;
1ah1-v17; EGLNRPSGGCG-v1; 6;   -21.76; 0.000000;    3.950;   12.103;
1ah1-v17; EGLNRPSGGCG-v1; 7;   -21.34; 0.000000;    4.428;    6.141;
1ah1-v17; EGLNRPSGGCG-v1; 8;   -21.34; 0.000000;    6.011;   11.777;
1ah1-v17; EGLNRPSGGCG-v1; 9;   -20.92; 0.000000;    3.703;    8.782;
1ah1-v18; EGLNRPSGGCG-v1; 1;   -15.06; 0.000000;    0.000;    0.000;
1ah1-v18; EGLNRPSGGCG-v1; 2;   -14.64; 0.000000;   18.712;   23.389;
1ah1-v18; EGLNRPSGGCG-v1; 3;   -14.23; 0.000000;    2.348;    4.204;
1ah1-v18; EGLNRPSGGCG-v1; 4;   -13.39; 0.000000;   18.633;   23.375;
1ah1-v18; EGLNRPSGGCG-v1; 5;   -12.13; 0.000000;   24.223;   30.718;
1ah1-v18; EGLNRPSGGCG-v1; 6;   -11.30; 0.000000;    2.825;    4.702;
1ah1-v18; EGLNRPSGGCG-v1; 7;    -9.62; 0.000000;   16.163;   25.105;
1ah1-v18; EGLNRPSGGCG-v1; 8;    -9.62; 0.000000;    1.816;    2.019;
1ah1-v18; EGLNRPSGGCG-v1; 9;    -9.20; 0.000000;    2.599;    3.429;
1ah1-v19; EGLNRPSGGCG-v1; 1;   -21.76; 0.000000;    0.000;    0.000;
1ah1-v19; EGLNRPSGGCG-v1; 2;   -21.34; 0.000000;    2.556;    5.132;
1ah1-v19; EGLNRPSGGCG-v1; 3;   -20.50; 0.000000;    2.327;    5.618;
1ah1-v19; EGLNRPSGGCG-v1; 4;   -20.08; 0.000000;    5.744;    9.594;
1ah1-v19; EGLNRPSGGCG-v1; 5;   -19.66; 0.000000;    5.599;    9.791;
1ah1-v19; EGLNRPSGGCG-v1; 6;   -19.66; 0.000000;    8.221;   16.006;
1ah1-v19; EGLNRPSGGCG-v1; 7;   -19.66; 0.000000;   10.013;   17.107;
1ah1-v19; EGLNRPSGGCG-v1; 8;   -19.25; 0.000000;   10.235;   15.679;
1ah1-v19; EGLNRPSGGCG-v1; 9;   -19.25; 0.000000;    6.196;    9.325;
1ah1-v20; EGLNRPSGGCG-v1; 1;    -7.53; 0.000000;    0.000;    0.000;
1ah1-v20; EGLNRPSGGCG-v1; 2;    -6.69; 0.000000;   35.716;   43.085;
1ah1-v20; EGLNRPSGGCG-v1; 3;    -6.28; 0.000000;    3.934;   13.528;
1ah1-v20; EGLNRPSGGCG-v1; 4;    -5.86; 0.000000;    3.164;   11.678;
1ah1-v20; EGLNRPSGGCG-v1; 5;    -5.86; 0.000000;    2.217;    2.973;
1ah1-v20; EGLNRPSGGCG-v1; 6;    -5.44; 0.000000;    3.658;   13.059;
1ah1-v20; EGLNRPSGGCG-v1; 7;    -4.18; 0.000000;    2.710;    3.798;
1ah1-v20; EGLNRPSGGCG-v1; 8;    -4.18; 0.000000;    3.233;    3.621;
1ah1-v20; EGLNRPSGGCG-v1; 9;    -3.35; 0.000000;   16.192;   25.410;
1ah1-v01; YDPEYRNFWGCG-v1; 1;   -24.27; 0.000000;    0.000;    0.000;
1ah1-v01; YDPEYRNFWGCG-v1; 2;   -20.50; 0.000000;    2.067;    2.772;
1ah1-v01; YDPEYRNFWGCG-v1; 3;   -20.08; 0.000000;    2.805;    6.286;
1ah1-v01; YDPEYRNFWGCG-v1; 4;   -20.08; 0.000000;    1.604;    2.520;
1ah1-v01; YDPEYRNFWGCG-v1; 5;   -19.66; 0.000000;   19.494;   23.813;
1ah1-v01; YDPEYRNFWGCG-v1; 6;   -19.25; 0.000000;    6.852;   16.313;
1ah1-v01; YDPEYRNFWGCG-v1; 7;   -18.83; 0.000000;   18.817;   23.997;
1ah1-v01; YDPEYRNFWGCG-v1; 8;   -18.83; 0.000000;   19.408;   23.931;
1ah1-v01; YDPEYRNFWGCG-v1; 9;   -18.41; 0.000000;    6.489;   15.120;
1ah1-v02; YDPEYRNFWGCG-v1; 1;   -27.20; 0.000000;    0.000;    0.000;
1ah1-v02; YDPEYRNFWGCG-v1; 2;   -26.36; 0.000000;   23.547;   29.158;
1ah1-v02; YDPEYRNFWGCG-v1; 3;   -25.94; 0.000000;   16.702;   23.065;
1ah1-v02; YDPEYRNFWGCG-v1; 4;   -25.94; 0.000000;   18.469;   23.909;
1ah1-v02; YDPEYRNFWGCG-v1; 5;   -25.94; 0.000000;   23.810;   29.097;
1ah1-v02; YDPEYRNFWGCG-v1; 6;   -25.10; 0.000000;   18.329;   22.395;
1ah1-v02; YDPEYRNFWGCG-v1; 7;   -25.10; 0.000000;   17.212;   23.940;
1ah1-v02; YDPEYRNFWGCG-v1; 8;   -25.10; 0.000000;   19.638;   25.109;
1ah1-v02; YDPEYRNFWGCG-v1; 9;   -25.10; 0.000000;   17.467;   24.881;
1ah1-v03; YDPEYRNFWGCG-v1; 1;   -17.15; 0.000000;    0.000;    0.000;
1ah1-v03; YDPEYRNFWGCG-v1; 2;   -16.74; 0.000000;    2.659;    4.075;
1ah1-v03; YDPEYRNFWGCG-v1; 3;   -16.74; 0.000000;   25.171;   33.618;
1ah1-v03; YDPEYRNFWGCG-v1; 4;   -16.32; 0.000000;    2.499;    3.449;
1ah1-v03; YDPEYRNFWGCG-v1; 5;   -15.90; 0.000000;   26.494;   40.111;
1ah1-v03; YDPEYRNFWGCG-v1; 6;   -15.48; 0.000000;   24.926;   34.826;
1ah1-v03; YDPEYRNFWGCG-v1; 7;   -15.48; 0.000000;   25.957;   33.947;
1ah1-v03; YDPEYRNFWGCG-v1; 8;   -15.06; 0.000000;   26.551;   38.807;
1ah1-v03; YDPEYRNFWGCG-v1; 9;   -15.06; 0.000000;   23.788;   36.284;
1ah1-v04; YDPEYRNFWGCG-v1; 1;  1240.97; 0.000000;    0.000;    0.000;
1ah1-v05; YDPEYRNFWGCG-v1; 1;    -5.02; 0.000000;    0.000;    0.000;
1ah1-v06; YDPEYRNFWGCG-v1; 1;   -22.59; 0.000000;    0.000;    0.000;
1ah1-v06; YDPEYRNFWGCG-v1; 2;   -22.59; 0.000000;   16.662;   23.090;
1ah1-v06; YDPEYRNFWGCG-v1; 3;   -22.59; 0.000000;   13.525;   22.686;
1ah1-v06; YDPEYRNFWGCG-v1; 4;   -22.59; 0.000000;    4.037;    8.425;
1ah1-v06; YDPEYRNFWGCG-v1; 5;   -22.18; 0.000000;   17.535;   27.434;
1ah1-v06; YDPEYRNFWGCG-v1; 6;   -21.76; 0.000000;    3.565;   15.341;
1ah1-v06; YDPEYRNFWGCG-v1; 7;   -21.76; 0.000000;    4.171;   14.602;
1ah1-v06; YDPEYRNFWGCG-v1; 8;   -21.76; 0.000000;    1.431;    2.024;
1ah1-v06; YDPEYRNFWGCG-v1; 9;   -21.34; 0.000000;    2.917;    7.234;
1ah1-v07; YDPEYRNFWGCG-v1; 1;   -29.71; 0.000000;    0.000;    0.000;
1ah1-v07; YDPEYRNFWGCG-v1; 2;   -28.45; 0.000000;   15.109;   23.071;
1ah1-v07; YDPEYRNFWGCG-v1; 3;   -27.20; 0.000000;   12.908;   21.725;
1ah1-v07; YDPEYRNFWGCG-v1; 4;   -27.20; 0.000000;   13.142;   21.596;
1ah1-v07; YDPEYRNFWGCG-v1; 5;   -26.78; 0.000000;   17.006;   23.368;
1ah1-v07; YDPEYRNFWGCG-v1; 6;   -26.78; 0.000000;   14.596;   22.104;
1ah1-v07; YDPEYRNFWGCG-v1; 7;   -26.78; 0.000000;   13.455;   21.680;
1ah1-v07; YDPEYRNFWGCG-v1; 8;   -26.36; 0.000000;    5.129;   10.702;
1ah1-v07; YDPEYRNFWGCG-v1; 9;   -25.94; 0.000000;    5.624;   13.881;
1ah1-v08; YDPEYRNFWGCG-v1; 1;   -19.25; 0.000000;    0.000;    0.000;
1ah1-v08; YDPEYRNFWGCG-v1; 2;   -18.83; 0.000000;   26.015;   32.834;
1ah1-v08; YDPEYRNFWGCG-v1; 3;   -18.83; 0.000000;   27.290;   34.844;
1ah1-v08; YDPEYRNFWGCG-v1; 4;   -18.83; 0.000000;   17.131;   23.848;
1ah1-v08; YDPEYRNFWGCG-v1; 5;   -18.83; 0.000000;   34.729;   40.688;
1ah1-v08; YDPEYRNFWGCG-v1; 6;   -17.99; 0.000000;   24.340;   30.395;
1ah1-v08; YDPEYRNFWGCG-v1; 7;   -17.99; 0.000000;    3.734;   10.083;
1ah1-v08; YDPEYRNFWGCG-v1; 8;   -17.99; 0.000000;   10.035;   19.143;
1ah1-v08; YDPEYRNFWGCG-v1; 9;   -17.99; 0.000000;    9.003;   18.105;
1ah1-v09; YDPEYRNFWGCG-v1; 1;   -27.20; 0.000000;    0.000;    0.000;
1ah1-v09; YDPEYRNFWGCG-v1; 2;   -26.36; 0.000000;    2.978;    3.957;
1ah1-v09; YDPEYRNFWGCG-v1; 3;   -26.36; 0.000000;    2.526;    5.052;
1ah1-v09; YDPEYRNFWGCG-v1; 4;   -26.36; 0.000000;    3.789;    8.337;
1ah1-v09; YDPEYRNFWGCG-v1; 5;   -25.94; 0.000000;   12.140;   20.024;
1ah1-v09; YDPEYRNFWGCG-v1; 6;   -25.94; 0.000000;   13.154;   18.122;
1ah1-v09; YDPEYRNFWGCG-v1; 7;   -25.52; 0.000000;    8.405;   18.613;
1ah1-v09; YDPEYRNFWGCG-v1; 8;   -25.10; 0.000000;    3.015;    5.510;
1ah1-v09; YDPEYRNFWGCG-v1; 9;   -25.10; 0.000000;   11.570;   16.820;
1ah1-v10; YDPEYRNFWGCG-v1; 1;   730.94; 0.000000;    0.000;    0.000;
1ah1-v11; YDPEYRNFWGCG-v1; 1;   -20.08; 0.000000;    0.000;    0.000;
1ah1-v11; YDPEYRNFWGCG-v1; 2;   -19.66; 0.000000;   10.945;   17.918;
1ah1-v11; YDPEYRNFWGCG-v1; 3;   -19.25; 0.000000;   10.171;   17.714;
1ah1-v11; YDPEYRNFWGCG-v1; 4;   -19.25; 0.000000;    7.467;   15.406;
1ah1-v11; YDPEYRNFWGCG-v1; 5;   -18.83; 0.000000;   10.154;   18.264;
1ah1-v11; YDPEYRNFWGCG-v1; 6;   -18.83; 0.000000;    2.338;    4.114;
1ah1-v11; YDPEYRNFWGCG-v1; 7;   -17.99; 0.000000;   10.891;   19.011;
1ah1-v11; YDPEYRNFWGCG-v1; 8;   -17.99; 0.000000;    9.771;   17.782;
1ah1-v11; YDPEYRNFWGCG-v1; 9;   -17.99; 0.000000;    9.724;   18.110;
1ah1-v12; YDPEYRNFWGCG-v1; 1;    13.81; 0.000000;    0.000;    0.000;
1ah1-v13; YDPEYRNFWGCG-v1; 1;   -23.85; 0.000000;    0.000;    0.000;
1ah1-v13; YDPEYRNFWGCG-v1; 2;   -23.01; 0.000000;    2.380;    3.924;
1ah1-v13; YDPEYRNFWGCG-v1; 3;   -22.18; 0.000000;    2.105;    3.008;
1ah1-v13; YDPEYRNFWGCG-v1; 4;   -20.50; 0.000000;    6.457;   15.676;
1ah1-v13; YDPEYRNFWGCG-v1; 5;   -20.08; 0.000000;    2.406;    3.343;
1ah1-v13; YDPEYRNFWGCG-v1; 6;   -19.25; 0.000000;    1.901;    2.826;
1ah1-v13; YDPEYRNFWGCG-v1; 7;   -18.41; 0.000000;    6.225;   14.715;
1ah1-v13; YDPEYRNFWGCG-v1; 8;   -17.99; 0.000000;    7.061;   14.872;
1ah1-v13; YDPEYRNFWGCG-v1; 9;   -17.57; 0.000000;    7.051;   15.058;
1ah1-v14; YDPEYRNFWGCG-v1; 1;   -23.85; 0.000000;    0.000;    0.000;
1ah1-v14; YDPEYRNFWGCG-v1; 2;   -23.01; 0.000000;    2.991;    6.564;
1ah1-v14; YDPEYRNFWGCG-v1; 3;   -23.01; 0.000000;    2.274;    5.400;
1ah1-v14; YDPEYRNFWGCG-v1; 4;   -22.59; 0.000000;    2.578;    6.193;
1ah1-v14; YDPEYRNFWGCG-v1; 5;   -22.59; 0.000000;    2.855;    8.942;
1ah1-v14; YDPEYRNFWGCG-v1; 6;   -22.59; 0.000000;    3.150;    8.484;
1ah1-v14; YDPEYRNFWGCG-v1; 7;   -22.18; 0.000000;    3.113;    6.519;
1ah1-v14; YDPEYRNFWGCG-v1; 8;   -22.18; 0.000000;    3.027;    8.853;
1ah1-v14; YDPEYRNFWGCG-v1; 9;   -22.18; 0.000000;    2.818;    6.050;
1ah1-v15; YDPEYRNFWGCG-v1; 1;   -24.69; 0.000000;    0.000;    0.000;
1ah1-v15; YDPEYRNFWGCG-v1; 2;   -24.27; 0.000000;   15.741;   24.835;
1ah1-v15; YDPEYRNFWGCG-v1; 3;   -23.43; 0.000000;   15.455;   24.282;
1ah1-v15; YDPEYRNFWGCG-v1; 4;   -22.18; 0.000000;   15.886;   25.605;
1ah1-v15; YDPEYRNFWGCG-v1; 5;   -22.18; 0.000000;   15.177;   21.906;
1ah1-v15; YDPEYRNFWGCG-v1; 6;   -22.18; 0.000000;    3.388;    7.841;
1ah1-v15; YDPEYRNFWGCG-v1; 7;   -22.18; 0.000000;    2.864;    4.703;
1ah1-v15; YDPEYRNFWGCG-v1; 8;   -22.18; 0.000000;    3.260;    9.784;
1ah1-v15; YDPEYRNFWGCG-v1; 9;   -22.18; 0.000000;   18.763;   26.377;
1ah1-v16; YDPEYRNFWGCG-v1; 1;   -22.59; 0.000000;    0.000;    0.000;
1ah1-v16; YDPEYRNFWGCG-v1; 2;   -20.92; 0.000000;    3.146;    5.145;
1ah1-v16; YDPEYRNFWGCG-v1; 3;   -20.50; 0.000000;    2.205;    3.363;
1ah1-v16; YDPEYRNFWGCG-v1; 4;   -20.50; 0.000000;    2.882;    5.093;
1ah1-v16; YDPEYRNFWGCG-v1; 5;   -19.25; 0.000000;    2.944;    5.499;
1ah1-v16; YDPEYRNFWGCG-v1; 6;   -18.83; 0.000000;    3.255;    6.595;
1ah1-v16; YDPEYRNFWGCG-v1; 7;   -18.41; 0.000000;    7.063;   12.139;
1ah1-v16; YDPEYRNFWGCG-v1; 8;   -17.99; 0.000000;    3.888;   18.639;
1ah1-v16; YDPEYRNFWGCG-v1; 9;   -17.57; 0.000000;    2.775;    5.416;
1ah1-v17; YDPEYRNFWGCG-v1; 1;   -25.94; 0.000000;    0.000;    0.000;
1ah1-v17; YDPEYRNFWGCG-v1; 2;   -25.10; 0.000000;    4.679;   11.986;
1ah1-v17; YDPEYRNFWGCG-v1; 3;   -24.69; 0.000000;    6.539;   13.897;
1ah1-v17; YDPEYRNFWGCG-v1; 4;   -24.27; 0.000000;    4.215;    9.539;
1ah1-v17; YDPEYRNFWGCG-v1; 5;   -24.27; 0.000000;    1.635;    2.181;
1ah1-v17; YDPEYRNFWGCG-v1; 6;   -23.85; 0.000000;    2.638;    6.073;
1ah1-v17; YDPEYRNFWGCG-v1; 7;   -23.43; 0.000000;    3.816;   16.322;
1ah1-v17; YDPEYRNFWGCG-v1; 8;   -23.43; 0.000000;   25.712;   35.263;
1ah1-v17; YDPEYRNFWGCG-v1; 9;   -23.01; 0.000000;    5.174;   15.577;
1ah1-v18; YDPEYRNFWGCG-v1; 1;   -13.39; 0.000000;    0.000;    0.000;
1ah1-v18; YDPEYRNFWGCG-v1; 2;   -12.97; 0.000000;    4.572;   18.660;
1ah1-v18; YDPEYRNFWGCG-v1; 3;   -12.97; 0.000000;    1.807;    2.412;
1ah1-v18; YDPEYRNFWGCG-v1; 4;   -11.30; 0.000000;    4.994;   19.447;
1ah1-v18; YDPEYRNFWGCG-v1; 5;   -10.88; 0.000000;    5.008;   19.329;
1ah1-v18; YDPEYRNFWGCG-v1; 6;   -10.46; 0.000000;   11.056;   21.569;
1ah1-v18; YDPEYRNFWGCG-v1; 7;    -9.62; 0.000000;    2.665;    3.669;
1ah1-v18; YDPEYRNFWGCG-v1; 8;    -9.62; 0.000000;   11.105;   21.371;
1ah1-v18; YDPEYRNFWGCG-v1; 9;    -9.20; 0.000000;   10.888;   20.180;
1ah1-v19; YDPEYRNFWGCG-v1; 1;   -24.27; 0.000000;    0.000;    0.000;
1ah1-v19; YDPEYRNFWGCG-v1; 2;   -23.85; 0.000000;    2.214;    3.637;
1ah1-v19; YDPEYRNFWGCG-v1; 3;   -22.18; 0.000000;    3.776;    7.258;
1ah1-v19; YDPEYRNFWGCG-v1; 4;   -21.76; 0.000000;    4.309;    7.784;
1ah1-v19; YDPEYRNFWGCG-v1; 5;   -21.76; 0.000000;   24.414;   32.292;
1ah1-v19; YDPEYRNFWGCG-v1; 6;   -21.34; 0.000000;    3.532;    7.383;
1ah1-v19; YDPEYRNFWGCG-v1; 7;   -21.34; 0.000000;   24.325;   33.790;
1ah1-v19; YDPEYRNFWGCG-v1; 8;   -20.92; 0.000000;   24.663;   30.828;
1ah1-v19; YDPEYRNFWGCG-v1; 9;   -20.50; 0.000000;    3.979;    7.963;
1ah1-v20; YDPEYRNFWGCG-v1; 1;    -7.53; 0.000000;    0.000;    0.000;
1ah1-v20; YDPEYRNFWGCG-v1; 2;    -7.11; 0.000000;    5.701;   22.701;
1ah1-v20; YDPEYRNFWGCG-v1; 3;    -7.11; 0.000000;    6.642;   22.685;
1ah1-v20; YDPEYRNFWGCG-v1; 4;    -5.44; 0.000000;    2.542;    3.512;
1ah1-v20; YDPEYRNFWGCG-v1; 5;    -5.44; 0.000000;    5.637;   20.370;
1ah1-v20; YDPEYRNFWGCG-v1; 6;    -3.77; 0.000000;    5.183;   21.312;
1ah1-v20; YDPEYRNFWGCG-v1; 7;    -3.77; 0.000000;   14.801;   29.985;
1ah1-v20; YDPEYRNFWGCG-v1; 8;    -1.67; 0.000000;   15.733;   29.452;
1ah1-v20; YDPEYRNFWGCG-v1; 9;    -1.67; 0.000000;    5.388;   20.630;
1ah1-v01; EGLNRPSGGCG-v1; 1;   -22.59; 0.000000;    0.000;    0.000;
1ah1-v01; EGLNRPSGGCG-v1; 2;   -21.34; 0.000000;    2.166;    3.552;
1ah1-v01; EGLNRPSGGCG-v1; 3;   -19.66; 0.000000;    2.414;    3.811;
1ah1-v01; EGLNRPSGGCG-v1; 4;   -18.83; 0.000000;    2.726;    3.573;
1ah1-v01; EGLNRPSGGCG-v1; 5;   -18.83; 0.000000;    3.673;    5.803;
1ah1-v01; EGLNRPSGGCG-v1; 6;   -18.41; 0.000000;   14.258;   19.921;
1ah1-v01; EGLNRPSGGCG-v1; 7;   -17.99; 0.000000;    3.667;    6.802;
1ah1-v01; EGLNRPSGGCG-v1; 8;   -17.99; 0.000000;    3.574;    6.293;
1ah1-v01; EGLNRPSGGCG-v1; 9;   -17.99; 0.000000;    2.933;    4.902;
1ah1-v02; EGLNRPSGGCG-v1; 1;   -25.94; 0.000000;    0.000;    0.000;
1ah1-v02; EGLNRPSGGCG-v1; 2;   -24.69; 0.000000;   14.535;   19.077;
1ah1-v02; EGLNRPSGGCG-v1; 3;   -24.69; 0.000000;   11.790;   17.031;
1ah1-v02; EGLNRPSGGCG-v1; 4;   -23.43; 0.000000;   13.156;   18.892;
1ah1-v02; EGLNRPSGGCG-v1; 5;   -23.43; 0.000000;   13.900;   18.647;
1ah1-v02; EGLNRPSGGCG-v1; 6;   -23.01; 0.000000;   13.246;   19.734;
1ah1-v02; EGLNRPSGGCG-v1; 7;   -23.01; 0.000000;   12.170;   19.832;
1ah1-v02; EGLNRPSGGCG-v1; 8;   -23.01; 0.000000;    6.622;   10.597;
1ah1-v02; EGLNRPSGGCG-v1; 9;   -23.01; 0.000000;   12.856;   19.927;
1ah1-v03; EGLNRPSGGCG-v1; 1;   -16.74; 0.000000;    0.000;    0.000;
1ah1-v03; EGLNRPSGGCG-v1; 2;   -16.74; 0.000000;    8.088;   18.481;
1ah1-v03; EGLNRPSGGCG-v1; 3;   -16.74; 0.000000;    7.920;   18.890;
1ah1-v03; EGLNRPSGGCG-v1; 4;   -15.90; 0.000000;   12.140;   18.297;
1ah1-v03; EGLNRPSGGCG-v1; 5;   -15.48; 0.000000;    9.279;   17.756;
1ah1-v03; EGLNRPSGGCG-v1; 6;   -15.48; 0.000000;    4.765;   15.375;
1ah1-v03; EGLNRPSGGCG-v1; 7;   -15.48; 0.000000;    2.665;    3.326;
1ah1-v03; EGLNRPSGGCG-v1; 8;   -15.48; 0.000000;    3.514;    7.517;
1ah1-v03; EGLNRPSGGCG-v1; 9;   -15.48; 0.000000;   12.272;   20.187;
1ah1-v05; EGLNRPSGGCG-v1; 1;    -2.09; 0.000000;    0.000;    0.000;
1ah1-v06; EGLNRPSGGCG-v1; 1;   -21.34; 0.000000;    0.000;    0.000;
1ah1-v06; EGLNRPSGGCG-v1; 2;   -20.92; 0.000000;   11.044;   19.437;
1ah1-v06; EGLNRPSGGCG-v1; 3;   -20.92; 0.000000;   18.836;   25.383;
1ah1-v06; EGLNRPSGGCG-v1; 4;   -20.50; 0.000000;   11.299;   20.023;
1ah1-v06; EGLNRPSGGCG-v1; 5;   -20.50; 0.000000;   23.450;   29.269;
1ah1-v06; EGLNRPSGGCG-v1; 6;   -20.50; 0.000000;   21.121;   27.298;
1ah1-v06; EGLNRPSGGCG-v1; 7;   -20.50; 0.000000;   10.639;   19.811;
1ah1-v06; EGLNRPSGGCG-v1; 8;   -20.08; 0.000000;   21.557;   27.878;
1ah1-v06; EGLNRPSGGCG-v1; 9;   -20.08; 0.000000;    9.193;   17.396;
1ah1-v07; EGLNRPSGGCG-v1; 1;   -22.18; 0.000000;    0.000;    0.000;
1ah1-v07; EGLNRPSGGCG-v1; 2;   -21.76; 0.000000;    6.452;   13.953;
1ah1-v07; EGLNRPSGGCG-v1; 3;   -21.76; 0.000000;    9.556;   15.588;
1ah1-v07; EGLNRPSGGCG-v1; 4;   -21.76; 0.000000;   21.243;   25.848;
1ah1-v07; EGLNRPSGGCG-v1; 5;   -20.92; 0.000000;    4.542;   11.567;
1ah1-v07; EGLNRPSGGCG-v1; 6;   -20.92; 0.000000;    6.985;   13.678;
1ah1-v07; EGLNRPSGGCG-v1; 7;   -20.92; 0.000000;    7.669;   12.212;
1ah1-v07; EGLNRPSGGCG-v1; 8;   -20.92; 0.000000;   22.316;   26.037;
1ah1-v07; EGLNRPSGGCG-v1; 9;   -20.92; 0.000000;   16.658;   23.567;
1ah1-v08; EGLNRPSGGCG-v1; 1;   -22.59; 0.000000;    0.000;    0.000;
1ah1-v08; EGLNRPSGGCG-v1; 2;   -22.18; 0.000000;    3.222;    4.142;
1ah1-v08; EGLNRPSGGCG-v1; 3;   -21.76; 0.000000;    4.210;    9.902;
1ah1-v08; EGLNRPSGGCG-v1; 4;   -21.76; 0.000000;    5.552;   11.402;
1ah1-v08; EGLNRPSGGCG-v1; 5;   -21.34; 0.000000;    6.843;   13.602;
1ah1-v08; EGLNRPSGGCG-v1; 6;   -20.92; 0.000000;    6.719;   13.884;
1ah1-v08; EGLNRPSGGCG-v1; 7;   -20.92; 0.000000;    5.823;   11.527;
1ah1-v08; EGLNRPSGGCG-v1; 8;   -20.92; 0.000000;    2.723;    3.415;
1ah1-v08; EGLNRPSGGCG-v1; 9;   -20.50; 0.000000;   25.287;   30.910;
1ah1-v09; EGLNRPSGGCG-v1; 1;   -22.18; 0.000000;    0.000;    0.000;
1ah1-v09; EGLNRPSGGCG-v1; 2;   -22.18; 0.000000;    1.754;    2.240;
1ah1-v09; EGLNRPSGGCG-v1; 3;   -21.76; 0.000000;    9.899;   16.640;
1ah1-v09; EGLNRPSGGCG-v1; 4;   -21.34; 0.000000;    3.067;    7.051;
1ah1-v09; EGLNRPSGGCG-v1; 5;   -21.34; 0.000000;   10.571;   17.415;
1ah1-v09; EGLNRPSGGCG-v1; 6;   -20.92; 0.000000;   10.342;   17.235;
1ah1-v09; EGLNRPSGGCG-v1; 7;   -20.92; 0.000000;   20.978;   26.415;
1ah1-v09; EGLNRPSGGCG-v1; 8;   -20.92; 0.000000;    5.027;    8.985;
1ah1-v09; EGLNRPSGGCG-v1; 9;   -20.92; 0.000000;    1.883;    2.456;
1ah1-v11; EGLNRPSGGCG-v1; 1;   -19.66; 0.000000;    0.000;    0.000;
1ah1-v11; EGLNRPSGGCG-v1; 2;   -19.66; 0.000000;   16.825;   22.395;
1ah1-v11; EGLNRPSGGCG-v1; 3;   -19.66; 0.000000;   12.381;   18.949;
1ah1-v11; EGLNRPSGGCG-v1; 4;   -19.66; 0.000000;    3.363;    8.024;
1ah1-v11; EGLNRPSGGCG-v1; 5;   -19.66; 0.000000;   17.525;   23.021;
1ah1-v11; EGLNRPSGGCG-v1; 6;   -19.25; 0.000000;    9.149;   14.676;
1ah1-v11; EGLNRPSGGCG-v1; 7;   -19.25; 0.000000;    3.262;    7.479;
1ah1-v11; EGLNRPSGGCG-v1; 8;   -19.25; 0.000000;    3.468;    7.846;
1ah1-v11; EGLNRPSGGCG-v1; 9;   -19.25; 0.000000;   25.020;   31.429;
1ah1-v12; EGLNRPSGGCG-v1; 1;     7.11; 0.000000;    0.000;    0.000;
1ah1-v12; EGLNRPSGGCG-v1; 2;     7.53; 0.000000;   30.373;   39.759;
1ah1-v12; EGLNRPSGGCG-v1; 3;    17.57; 0.000000;   31.754;   41.210;
1ah1-v12; EGLNRPSGGCG-v1; 4;    19.25; 0.000000;   30.482;   39.880;
1ah1-v13; EGLNRPSGGCG-v1; 1;   -16.74; 0.000000;    0.000;    0.000;
1ah1-v13; EGLNRPSGGCG-v1; 2;   -16.74; 0.000000;    7.090;   14.095;
1ah1-v13; EGLNRPSGGCG-v1; 3;   -16.74; 0.000000;    6.966;   14.395;
1ah1-v13; EGLNRPSGGCG-v1; 4;   -16.32; 0.000000;    3.921;   13.316;
1ah1-v13; EGLNRPSGGCG-v1; 5;   -15.90; 0.000000;   22.358;   27.367;
1ah1-v13; EGLNRPSGGCG-v1; 6;   -15.90; 0.000000;    2.752;    3.415;
1ah1-v13; EGLNRPSGGCG-v1; 7;   -15.48; 0.000000;    3.840;    7.486;
1ah1-v13; EGLNRPSGGCG-v1; 8;   -15.48; 0.000000;   23.818;   28.085;
1ah1-v13; EGLNRPSGGCG-v1; 9;   -15.48; 0.000000;   22.704;   27.653;
1ah1-v14; EGLNRPSGGCG-v1; 1;   -22.59; 0.000000;    0.000;    0.000;
1ah1-v14; EGLNRPSGGCG-v1; 2;   -22.59; 0.000000;    3.370;    6.741;
1ah1-v14; EGLNRPSGGCG-v1; 3;   -22.18; 0.000000;    2.868;    5.807;
1ah1-v14; EGLNRPSGGCG-v1; 4;   -21.76; 0.000000;    3.881;   14.624;
1ah1-v14; EGLNRPSGGCG-v1; 5;   -21.76; 0.000000;    3.871;    6.917;
1ah1-v14; EGLNRPSGGCG-v1; 6;   -21.76; 0.000000;    3.947;   14.992;
1ah1-v14; EGLNRPSGGCG-v1; 7;   -20.92; 0.000000;    2.647;    5.006;
1ah1-v14; EGLNRPSGGCG-v1; 8;   -20.50; 0.000000;    2.284;    3.888;
1ah1-v14; EGLNRPSGGCG-v1; 9;   -20.50; 0.000000;    3.946;    6.693;
1ah1-v15; EGLNRPSGGCG-v1; 1;   -21.76; 0.000000;    0.000;    0.000;
1ah1-v15; EGLNRPSGGCG-v1; 2;   -21.76; 0.000000;    2.901;    9.930;
1ah1-v15; EGLNRPSGGCG-v1; 3;   -21.76; 0.000000;    3.643;   11.194;
1ah1-v15; EGLNRPSGGCG-v1; 4;   -21.76; 0.000000;    1.796;    2.827;
1ah1-v15; EGLNRPSGGCG-v1; 5;   -21.34; 0.000000;    3.113;   10.028;
1ah1-v15; EGLNRPSGGCG-v1; 6;   -20.92; 0.000000;    3.009;    6.015;
1ah1-v15; EGLNRPSGGCG-v1; 7;   -20.92; 0.000000;   15.476;   21.554;
1ah1-v15; EGLNRPSGGCG-v1; 8;   -20.92; 0.000000;    2.602;    5.884;
1ah1-v15; EGLNRPSGGCG-v1; 9;   -20.50; 0.000000;    1.877;    2.631;
1ah1-v16; EGLNRPSGGCG-v1; 1;   -20.50; 0.000000;    0.000;    0.000;
1ah1-v16; EGLNRPSGGCG-v1; 2;   -19.66; 0.000000;    3.820;    9.959;
1ah1-v16; EGLNRPSGGCG-v1; 3;   -19.25; 0.000000;    3.720;   10.049;
1ah1-v16; EGLNRPSGGCG-v1; 4;   -19.25; 0.000000;    3.505;    9.292;
1ah1-v16; EGLNRPSGGCG-v1; 5;   -18.83; 0.000000;    2.960;    5.076;
1ah1-v16; EGLNRPSGGCG-v1; 6;   -18.83; 0.000000;    4.219;   13.746;
1ah1-v16; EGLNRPSGGCG-v1; 7;   -18.41; 0.000000;    7.105;   12.910;
1ah1-v16; EGLNRPSGGCG-v1; 8;   -17.99; 0.000000;    3.570;    8.819;
1ah1-v16; EGLNRPSGGCG-v1; 9;   -17.99; 0.000000;   25.208;   35.677;
1ah1-v17; EGLNRPSGGCG-v1; 1;   -25.10; 0.000000;    0.000;    0.000;
1ah1-v17; EGLNRPSGGCG-v1; 2;   -24.69; 0.000000;    3.676;   15.349;
1ah1-v17; EGLNRPSGGCG-v1; 3;   -24.69; 0.000000;    3.764;   14.047;
1ah1-v17; EGLNRPSGGCG-v1; 4;   -24.27; 0.000000;    4.667;   14.943;
1ah1-v17; EGLNRPSGGCG-v1; 5;   -24.27; 0.000000;    7.385;   14.596;
1ah1-v17; EGLNRPSGGCG-v1; 6;   -24.27; 0.000000;    3.790;   15.212;
1ah1-v17; EGLNRPSGGCG-v1; 7;   -23.85; 0.000000;    3.906;   13.860;
1ah1-v17; EGLNRPSGGCG-v1; 8;   -23.85; 0.000000;    3.864;   13.663;
1ah1-v17; EGLNRPSGGCG-v1; 9;   -23.85; 0.000000;    3.985;   13.810;
1ah1-v18; EGLNRPSGGCG-v1; 1;   -15.06; 0.000000;    0.000;    0.000;
1ah1-v18; EGLNRPSGGCG-v1; 2;   -14.23; 0.000000;    1.854;    2.329;
1ah1-v18; EGLNRPSGGCG-v1; 3;   -11.30; 0.000000;    5.240;   13.260;
1ah1-v18; EGLNRPSGGCG-v1; 4;   -10.46; 0.000000;   20.278;   25.990;
1ah1-v18; EGLNRPSGGCG-v1; 5;   -10.46; 0.000000;    5.134;   12.858;
1ah1-v18; EGLNRPSGGCG-v1; 6;   -10.46; 0.000000;    2.030;    2.474;
1ah1-v18; EGLNRPSGGCG-v1; 7;   -10.04; 0.000000;   18.899;   26.540;
1ah1-v18; EGLNRPSGGCG-v1; 8;   -10.04; 0.000000;    5.168;   13.452;
1ah1-v18; EGLNRPSGGCG-v1; 9;    -9.62; 0.000000;    5.290;   12.718;
1ah1-v19; EGLNRPSGGCG-v1; 1;   -22.59; 0.000000;    0.000;    0.000;
1ah1-v19; EGLNRPSGGCG-v1; 2;   -21.34; 0.000000;    2.391;    3.307;
1ah1-v19; EGLNRPSGGCG-v1; 3;   -20.92; 0.000000;    2.191;    3.261;
1ah1-v19; EGLNRPSGGCG-v1; 4;   -20.50; 0.000000;    2.858;    8.047;
1ah1-v19; EGLNRPSGGCG-v1; 5;   -20.08; 0.000000;   22.902;   29.443;
1ah1-v19; EGLNRPSGGCG-v1; 6;   -19.25; 0.000000;   21.207;   27.796;
1ah1-v19; EGLNRPSGGCG-v1; 7;   -19.25; 0.000000;   21.850;   29.869;
1ah1-v19; EGLNRPSGGCG-v1; 8;   -19.25; 0.000000;    3.109;    7.728;
1ah1-v19; EGLNRPSGGCG-v1; 9;   -18.83; 0.000000;   18.569;   24.530;
1ah1-v20; EGLNRPSGGCG-v1; 1;    -5.86; 0.000000;    0.000;    0.000;
1ah1-v20; EGLNRPSGGCG-v1; 2;    -5.44; 0.000000;   10.169;   20.743;
1ah1-v20; EGLNRPSGGCG-v1; 3;    -5.44; 0.000000;    1.679;    2.141;
1ah1-v20; EGLNRPSGGCG-v1; 4;    -5.02; 0.000000;    3.213;    6.734;
1ah1-v20; EGLNRPSGGCG-v1; 5;    -5.02; 0.000000;   13.314;   19.749;
1ah1-v20; EGLNRPSGGCG-v1; 6;    -3.77; 0.000000;   11.471;   20.144;
1ah1-v20; EGLNRPSGGCG-v1; 7;    -3.35; 0.000000;    2.428;    3.151;
1ah1-v20; EGLNRPSGGCG-v1; 8;    -2.93; 0.000000;   21.102;   30.530;
1ah1-v20; EGLNRPSGGCG-v1; 9;    -1.67; 0.000000;   18.363;   30.281;
1ah1-v01; YDPEYRNFWGCG-v1; 1;   -27.20; 0.000000;    0.000;    0.000;
1ah1-v01; YDPEYRNFWGCG-v1; 2;   -24.69; 0.000000;    8.427;   17.767;
1ah1-v01; YDPEYRNFWGCG-v1; 3;   -24.27; 0.000000;   24.333;   32.460;
1ah1-v01; YDPEYRNFWGCG-v1; 4;   -23.85; 0.000000;   30.035;   39.871;
1ah1-v01; YDPEYRNFWGCG-v1; 5;   -23.85; 0.000000;   26.576;   34.370;
1ah1-v01; YDPEYRNFWGCG-v1; 6;   -23.85; 0.000000;    8.605;   17.403;
1ah1-v01; YDPEYRNFWGCG-v1; 7;   -23.85; 0.000000;   30.064;   40.169;
1ah1-v01; YDPEYRNFWGCG-v1; 8;   -23.43; 0.000000;    1.624;    1.986;
1ah1-v01; YDPEYRNFWGCG-v1; 9;   -23.43; 0.000000;    1.781;    2.691;
1ah1-v02; YDPEYRNFWGCG-v1; 1;   -29.29; 0.000000;    0.000;    0.000;
1ah1-v02; YDPEYRNFWGCG-v1; 2;   -28.87; 0.000000;    4.463;   13.490;
1ah1-v02; YDPEYRNFWGCG-v1; 3;   -27.20; 0.000000;   15.708;   21.691;
1ah1-v02; YDPEYRNFWGCG-v1; 4;   -27.20; 0.000000;    4.569;   14.225;
1ah1-v02; YDPEYRNFWGCG-v1; 5;   -27.20; 0.000000;    4.762;   14.652;
1ah1-v02; YDPEYRNFWGCG-v1; 6;   -26.78; 0.000000;    7.744;   20.102;
1ah1-v02; YDPEYRNFWGCG-v1; 7;   -26.78; 0.000000;   14.823;   21.919;
1ah1-v02; YDPEYRNFWGCG-v1; 8;   -26.78; 0.000000;    6.690;   13.983;
1ah1-v02; YDPEYRNFWGCG-v1; 9;   -26.78; 0.000000;    5.338;   13.768;
1ah1-v03; YDPEYRNFWGCG-v1; 1;   -17.57; 0.000000;    0.000;    0.000;
1ah1-v03; YDPEYRNFWGCG-v1; 2;   -15.90; 0.000000;   20.433;   27.796;
1ah1-v03; YDPEYRNFWGCG-v1; 3;   -15.90; 0.000000;   20.198;   27.418;
1ah1-v03; YDPEYRNFWGCG-v1; 4;   -15.90; 0.000000;   27.043;   39.612;
1ah1-v03; YDPEYRNFWGCG-v1; 5;   -15.48; 0.000000;   19.917;   27.009;
1ah1-v03; YDPEYRNFWGCG-v1; 6;   -15.48; 0.000000;    4.409;   14.593;
1ah1-v03; YDPEYRNFWGCG-v1; 7;   -15.48; 0.000000;   20.412;   27.601;
1ah1-v03; YDPEYRNFWGCG-v1; 8;   -15.48; 0.000000;   26.656;   39.270;
1ah1-v03; YDPEYRNFWGCG-v1; 9;   -15.06; 0.000000;   19.892;   26.916;
1ah1-v04; YDPEYRNFWGCG-v1; 1;  1024.24; 0.000000;    0.000;    0.000;
1ah1-v05; YDPEYRNFWGCG-v1; 1;    -4.18; 0.000000;    0.000;    0.000;
1ah1-v05; YDPEYRNFWGCG-v1; 2;     5.02; 0.000000;    4.582;    8.809;
1ah1-v06; YDPEYRNFWGCG-v1; 1;   -19.25; 0.000000;    0.000;    0.000;
1ah1-v06; YDPEYRNFWGCG-v1; 2;   -18.83; 0.000000;   16.471;   24.728;
1ah1-v06; YDPEYRNFWGCG-v1; 3;   -18.83; 0.000000;   17.339;   25.367;
1ah1-v06; YDPEYRNFWGCG-v1; 4;   -18.83; 0.000000;    2.162;    3.574;
1ah1-v06; YDPEYRNFWGCG-v1; 5;   -17.99; 0.000000;    1.554;    2.701;
1ah1-v06; YDPEYRNFWGCG-v1; 6;   -17.57; 0.000000;   18.417;   25.425;
1ah1-v06; YDPEYRNFWGCG-v1; 7;   -17.57; 0.000000;   13.298;   21.981;
1ah1-v06; YDPEYRNFWGCG-v1; 8;   -17.57; 0.000000;   13.815;   20.142;
1ah1-v06; YDPEYRNFWGCG-v1; 9;   -17.57; 0.000000;   17.494;   25.641;
1ah1-v07; YDPEYRNFWGCG-v1; 1;   -21.34; 0.000000;    0.000;    0.000;
1ah1-v07; YDPEYRNFWGCG-v1; 2;   -21.34; 0.000000;    5.281;   10.950;
1ah1-v07; YDPEYRNFWGCG-v1; 3;   -21.34; 0.000000;    6.489;   13.293;
1ah1-v07; YDPEYRNFWGCG-v1; 4;   -20.92; 0.000000;    9.727;   21.087;
1ah1-v07; YDPEYRNFWGCG-v1; 5;   -20.92; 0.000000;    3.874;   12.882;
1ah1-v07; YDPEYRNFWGCG-v1; 6;   -20.50; 0.000000;    6.682;   13.193;
1ah1-v07; YDPEYRNFWGCG-v1; 7;   -20.50; 0.000000;    3.137;    8.573;
1ah1-v07; YDPEYRNFWGCG-v1; 8;   -20.08; 0.000000;   18.579;   24.514;
1ah1-v07; YDPEYRNFWGCG-v1; 9;   -20.08; 0.000000;    4.277;   11.905;
1ah1-v08; YDPEYRNFWGCG-v1; 1;   -22.59; 0.000000;    0.000;    0.000;
1ah1-v08; YDPEYRNFWGCG-v1; 2;   -22.18; 0.000000;    4.044;   18.591;
1ah1-v08; YDPEYRNFWGCG-v1; 3;   -22.18; 0.000000;    8.263;   23.235;
1ah1-v08; YDPEYRNFWGCG-v1; 4;   -22.18; 0.000000;    9.314;   23.920;
1ah1-v08; YDPEYRNFWGCG-v1; 5;   -21.76; 0.000000;    8.207;   21.480;
1ah1-v08; YDPEYRNFWGCG-v1; 6;   -21.76; 0.000000;    3.476;   18.402;
1ah1-v08; YDPEYRNFWGCG-v1; 7;   -21.76; 0.000000;    3.748;   18.111;
1ah1-v08; YDPEYRNFWGCG-v1; 8;   -21.76; 0.000000;    6.760;   14.232;
1ah1-v08; YDPEYRNFWGCG-v1; 9;   -21.76; 0.000000;   16.117;   25.591;
1ah1-v09; YDPEYRNFWGCG-v1; 1;   -25.94; 0.000000;    0.000;    0.000;
1ah1-v09; YDPEYRNFWGCG-v1; 2;   -25.94; 0.000000;   21.083;   26.028;
1ah1-v09; YDPEYRNFWGCG-v1; 3;   -25.52; 0.000000;   20.181;   25.648;
1ah1-v09; YDPEYRNFWGCG-v1; 4;   -25.52; 0.000000;   20.304;   24.699;
1ah1-v09; YDPEYRNFWGCG-v1; 5;   -25.52; 0.000000;   18.498;   22.788;
1ah1-v09; YDPEYRNFWGCG-v1; 6;   -25.52; 0.000000;   19.287;   24.857;
1ah1-v09; YDPEYRNFWGCG-v1; 7;   -24.69; 0.000000;   19.935;   25.423;
1ah1-v09; YDPEYRNFWGCG-v1; 8;   -24.69; 0.000000;   12.644;   16.747;
1ah1-v09; YDPEYRNFWGCG-v1; 9;   -24.69; 0.000000;    2.398;    3.988;
1ah1-v11; YDPEYRNFWGCG-v1; 1;   -24.27; 0.000000;    0.000;    0.000;
1ah1-v11; YDPEYRNFWGCG-v1; 2;   -24.27; 0.000000;    1.701;    2.430;
1ah1-v11; YDPEYRNFWGCG-v1; 3;   -23.85; 0.000000;    4.568;   12.882;
1ah1-v11; YDPEYRNFWGCG-v1; 4;   -23.43; 0.000000;    2.905;    5.010;
1ah1-v11; YDPEYRNFWGCG-v1; 5;   -23.01; 0.000000;   28.556;   36.567;
1ah1-v11; YDPEYRNFWGCG-v1; 6;   -22.59; 0.000000;    2.511;    5.025;
1ah1-v11; YDPEYRNFWGCG-v1; 7;   -22.18; 0.000000;    2.999;    6.776;
1ah1-v11; YDPEYRNFWGCG-v1; 8;   -22.18; 0.000000;    4.676;   13.177;
1ah1-v11; YDPEYRNFWGCG-v1; 9;   -21.76; 0.000000;    6.288;   13.821;
1ah1-v12; YDPEYRNFWGCG-v1; 1;   127.19; 0.000000;    0.000;    0.000;
1ah1-v13; YDPEYRNFWGCG-v1; 1;   -19.66; 0.000000;    0.000;    0.000;
1ah1-v13; YDPEYRNFWGCG-v1; 2;   -19.25; 0.000000;    1.669;    2.280;
1ah1-v13; YDPEYRNFWGCG-v1; 3;   -18.83; 0.000000;    2.210;    2.814;
1ah1-v13; YDPEYRNFWGCG-v1; 4;   -17.15; 0.000000;    2.148;    2.816;
1ah1-v13; YDPEYRNFWGCG-v1; 5;   -17.15; 0.000000;    7.078;   16.781;
1ah1-v13; YDPEYRNFWGCG-v1; 6;   -16.32; 0.000000;    8.542;   17.653;
1ah1-v13; YDPEYRNFWGCG-v1; 7;   -15.90; 0.000000;    4.057;    9.075;
1ah1-v13; YDPEYRNFWGCG-v1; 8;   -15.90; 0.000000;    2.291;    3.135;
1ah1-v13; YDPEYRNFWGCG-v1; 9;   -15.06; 0.000000;    8.148;   16.875;
1ah1-v14; YDPEYRNFWGCG-v1; 1;   -22.59; 0.000000;    0.000;    0.000;
1ah1-v14; YDPEYRNFWGCG-v1; 2;   -22.59; 0.000000;    3.662;   17.344;
1ah1-v14; YDPEYRNFWGCG-v1; 3;   -21.76; 0.000000;    3.961;   15.034;
1ah1-v14; YDPEYRNFWGCG-v1; 4;   -21.76; 0.000000;    3.843;   15.231;
1ah1-v14; YDPEYRNFWGCG-v1; 5;   -21.34; 0.000000;   18.907;   28.857;
1ah1-v14; YDPEYRNFWGCG-v1; 6;   -21.34; 0.000000;    4.507;   14.161;
1ah1-v14; YDPEYRNFWGCG-v1; 7;   -20.92; 0.000000;    4.057;   15.219;
1ah1-v14; YDPEYRNFWGCG-v1; 8;   -20.92; 0.000000;    4.057;   14.791;
1ah1-v14; YDPEYRNFWGCG-v1; 9;   -20.50; 0.000000;    3.615;   17.138;
1ah1-v15; YDPEYRNFWGCG-v1; 1;   -26.36; 0.000000;    0.000;    0.000;
1ah1-v15; YDPEYRNFWGCG-v1; 2;   -24.27; 0.000000;    1.251;    2.120;
1ah1-v15; YDPEYRNFWGCG-v1; 3;   -23.43; 0.000000;    4.327;   11.589;
1ah1-v15; YDPEYRNFWGCG-v1; 4;   -23.43; 0.000000;   16.126;   24.826;
1ah1-v15; YDPEYRNFWGCG-v1; 5;   -23.01; 0.000000;   15.988;   24.931;
1ah1-v15; YDPEYRNFWGCG-v1; 6;   -23.01; 0.000000;    2.881;    7.175;
1ah1-v15; YDPEYRNFWGCG-v1; 7;   -22.59; 0.000000;   15.695;   24.649;
1ah1-v15; YDPEYRNFWGCG-v1; 8;   -22.59; 0.000000;    4.168;   11.638;
1ah1-v15; YDPEYRNFWGCG-v1; 9;   -22.18; 0.000000;   20.392;   27.508;
1ah1-v16; YDPEYRNFWGCG-v1; 1;   -22.59; 0.000000;    0.000;    0.000;
1ah1-v16; YDPEYRNFWGCG-v1; 2;   -22.18; 0.000000;    4.310;    8.434;
1ah1-v16; YDPEYRNFWGCG-v1; 3;   -21.76; 0.000000;    3.964;   19.639;
1ah1-v16; YDPEYRNFWGCG-v1; 4;   -19.25; 0.000000;    5.032;    9.866;
1ah1-v16; YDPEYRNFWGCG-v1; 5;   -19.25; 0.000000;    8.165;   13.515;
1ah1-v16; YDPEYRNFWGCG-v1; 6;   -19.25; 0.000000;    9.266;   16.346;
1ah1-v16; YDPEYRNFWGCG-v1; 7;   -18.83; 0.000000;    4.328;   19.120;
1ah1-v16; YDPEYRNFWGCG-v1; 8;   -18.41; 0.000000;    9.423;   16.964;
1ah1-v16; YDPEYRNFWGCG-v1; 9;   -18.41; 0.000000;   17.386;   26.210;
1ah1-v17; YDPEYRNFWGCG-v1; 1;   -26.36; 0.000000;    0.000;    0.000;
1ah1-v17; YDPEYRNFWGCG-v1; 2;   -25.10; 0.000000;    1.646;    2.241;
1ah1-v17; YDPEYRNFWGCG-v1; 3;   -25.10; 0.000000;    4.477;   11.595;
1ah1-v17; YDPEYRNFWGCG-v1; 4;   -24.69; 0.000000;    1.849;    2.511;
1ah1-v17; YDPEYRNFWGCG-v1; 5;   -24.27; 0.000000;    1.788;    2.430;
1ah1-v17; YDPEYRNFWGCG-v1; 6;   -24.27; 0.000000;    3.406;   12.727;
1ah1-v17; YDPEYRNFWGCG-v1; 7;   -24.27; 0.000000;    2.158;    4.964;
1ah1-v17; YDPEYRNFWGCG-v1; 8;   -24.27; 0.000000;    3.070;   15.217;
1ah1-v17; YDPEYRNFWGCG-v1; 9;   -23.85; 0.000000;    4.301;   12.047;
1ah1-v18; YDPEYRNFWGCG-v1; 1;   -12.55; 0.000000;    0.000;    0.000;
1ah1-v18; YDPEYRNFWGCG-v1; 2;   -10.04; 0.000000;    1.617;    2.075;
1ah1-v18; YDPEYRNFWGCG-v1; 3;    -8.79; 0.000000;   18.711;   24.517;
1ah1-v18; YDPEYRNFWGCG-v1; 4;    -8.37; 0.000000;    2.082;    2.602;
1ah1-v18; YDPEYRNFWGCG-v1; 5;    -8.37; 0.000000;    1.777;    2.476;
1ah1-v18; YDPEYRNFWGCG-v1; 6;    -8.37; 0.000000;   17.592;   25.655;
1ah1-v18; YDPEYRNFWGCG-v1; 7;    -7.95; 0.000000;   17.671;   25.499;
1ah1-v18; YDPEYRNFWGCG-v1; 8;    -7.95; 0.000000;   26.356;   34.352;
1ah1-v18; YDPEYRNFWGCG-v1; 9;    -7.53; 0.000000;   18.459;   24.239;
1ah1-v19; YDPEYRNFWGCG-v1; 1;   -19.25; 0.000000;    0.000;    0.000;
1ah1-v19; YDPEYRNFWGCG-v1; 2;   -17.99; 0.000000;    4.028;    9.653;
1ah1-v19; YDPEYRNFWGCG-v1; 3;   -17.99; 0.000000;   21.737;   28.308;
1ah1-v19; YDPEYRNFWGCG-v1; 4;   -17.57; 0.000000;    6.335;   14.305;
1ah1-v19; YDPEYRNFWGCG-v1; 5;   -17.15; 0.000000;   20.616;   27.813;
1ah1-v19; YDPEYRNFWGCG-v1; 6;   -17.15; 0.000000;   20.407;   27.389;
1ah1-v19; YDPEYRNFWGCG-v1; 7;   -16.74; 0.000000;    6.424;   14.253;
1ah1-v19; YDPEYRNFWGCG-v1; 8;   -16.74; 0.000000;   24.233;   31.986;
1ah1-v19; YDPEYRNFWGCG-v1; 9;   -16.74; 0.000000;   24.136;   31.911;
1ah1-v20; YDPEYRNFWGCG-v1; 1;    -8.79; 0.000000;    0.000;    0.000;
1ah1-v20; YDPEYRNFWGCG-v1; 2;    -8.37; 0.000000;   12.312;   19.504;
1ah1-v20; YDPEYRNFWGCG-v1; 3;    -7.95; 0.000000;   18.766;   31.442;
1ah1-v20; YDPEYRNFWGCG-v1; 4;    -7.95; 0.000000;   12.607;   21.015;
1ah1-v20; YDPEYRNFWGCG-v1; 5;    -7.11; 0.000000;   12.710;   20.184;
1ah1-v20; YDPEYRNFWGCG-v1; 6;    -6.69; 0.000000;    3.347;    8.417;
1ah1-v20; YDPEYRNFWGCG-v1; 7;    -6.28; 0.000000;   24.317;   33.763;
1ah1-v20; YDPEYRNFWGCG-v1; 8;    -6.28; 0.000000;   12.429;   20.755;
1ah1-v20; YDPEYRNFWGCG-v1; 9;    -5.86; 0.000000;   24.638;   33.931;
1ah1-v01; EGLNRPSGGCG-v1; 1;   -19.66; 0.000000;    0.000;    0.000;
1ah1-v01; EGLNRPSGGCG-v1; 2;   -19.66; 0.000000;    1.918;    2.578;
1ah1-v01; EGLNRPSGGCG-v1; 3;   -19.25; 0.000000;    6.663;   13.159;
1ah1-v01; EGLNRPSGGCG-v1; 4;   -18.83; 0.000000;   21.980;   29.120;
1ah1-v01; EGLNRPSGGCG-v1; 5;   -18.83; 0.000000;   17.926;   24.320;
1ah1-v01; EGLNRPSGGCG-v1; 6;   -18.83; 0.000000;    2.354;    4.105;
1ah1-v01; EGLNRPSGGCG-v1; 7;   -18.41; 0.000000;   21.816;   28.949;
1ah1-v01; EGLNRPSGGCG-v1; 8;   -17.57; 0.000000;   33.326;   38.311;
1ah1-v01; EGLNRPSGGCG-v1; 9;   -17.57; 0.000000;    4.853;   11.161;
1ah1-v02; EGLNRPSGGCG-v1; 1;   -23.43; 0.000000;    0.000;    0.000;
1ah1-v02; EGLNRPSGGCG-v1; 2;   -22.59; 0.000000;    5.991;   10.476;
1ah1-v02; EGLNRPSGGCG-v1; 3;   -22.59; 0.000000;    3.391;   12.200;
1ah1-v02; EGLNRPSGGCG-v1; 4;   -22.18; 0.000000;    3.974;   11.838;
1ah1-v02; EGLNRPSGGCG-v1; 5;   -22.18; 0.000000;    4.313;   12.781;
1ah1-v02; EGLNRPSGGCG-v1; 6;   -21.76; 0.000000;    6.414;   12.606;
1ah1-v02; EGLNRPSGGCG-v1; 7;   -21.76; 0.000000;    4.545;   12.968;
1ah1-v02; EGLNRPSGGCG-v1; 8;   -21.34; 0.000000;    4.366;   13.092;
1ah1-v02; EGLNRPSGGCG-v1; 9;   -21.34; 0.000000;    2.550;    3.882;
1ah1-v03; EGLNRPSGGCG-v1; 1;   -14.23; 0.000000;    0.000;    0.000;
1ah1-v03; EGLNRPSGGCG-v1; 2;   -13.81; 0.000000;    1.831;    2.860;
1ah1-v03; EGLNRPSGGCG-v1; 3;   -13.39; 0.000000;    2.044;    3.055;
1ah1-v03; EGLNRPSGGCG-v1; 4;   -12.55; 0.000000;   11.659;   24.615;
1ah1-v03; EGLNRPSGGCG-v1; 5;   -12.55; 0.000000;   24.398;   30.474;
1ah1-v03; EGLNRPSGGCG-v1; 6;   -12.13; 0.000000;   24.678;   33.646;
1ah1-v03; EGLNRPSGGCG-v1; 7;   -12.13; 0.000000;    2.289;    3.010;
1ah1-v03; EGLNRPSGGCG-v1; 8;   -12.13; 0.000000;    2.574;    3.791;
1ah1-v03; EGLNRPSGGCG-v1; 9;   -11.30; 0.000000;   23.246;   30.318;
1ah1-v05; EGLNRPSGGCG-v1; 1;    -6.69; 0.000000;    0.000;    0.000;
1ah1-v05; EGLNRPSGGCG-v1; 2;     3.77; 0.000000;    5.590;    9.985;
1ah1-v06; EGLNRPSGGCG-v1; 1;   -23.43; 0.000000;    0.000;    0.000;
1ah1-v06; EGLNRPSGGCG-v1; 2;   -23.43; 0.000000;    1.820;    2.246;
1ah1-v06; EGLNRPSGGCG-v1; 3;   -22.59; 0.000000;    6.668;   12.239;
1ah1-v06; EGLNRPSGGCG-v1; 4;   -21.76; 0.000000;    7.552;   13.749;
1ah1-v06; EGLNRPSGGCG-v1; 5;   -21.76; 0.000000;    7.493;   14.992;
1ah1-v06; EGLNRPSGGCG-v1; 6;   -21.76; 0.000000;    6.524;   15.334;
1ah1-v06; EGLNRPSGGCG-v1; 7;   -21.34; 0.000000;    3.629;   14.922;
1ah1-v06; EGLNRPSGGCG-v1; 8;   -21.34; 0.000000;    3.856;    7.782;
1ah1-v06; EGLNRPSGGCG-v1; 9;   -21.34; 0.000000;   22.810;   28.804;
1ah1-v07; EGLNRPSGGCG-v1; 1;   -18.83; 0.000000;    0.000;    0.000;
1ah1-v07; EGLNRPSGGCG-v1; 2;   -18.41; 0.000000;   27.751;   31.296;
1ah1-v07; EGLNRPSGGCG-v1; 3;   -18.41; 0.000000;   21.933;   26.635;
1ah1-v07; EGLNRPSGGCG-v1; 4;   -17.99; 0.000000;    4.392;   12.473;
1ah1-v07; EGLNRPSGGCG-v1; 5;   -17.99; 0.000000;    5.547;   11.387;
1ah1-v07; EGLNRPSGGCG-v1; 6;   -17.99; 0.000000;    6.043;   13.005;
1ah1-v07; EGLNRPSGGCG-v1; 7;   -17.99; 0.000000;   19.160;   23.789;
1ah1-v07; EGLNRPSGGCG-v1; 8;   -17.99; 0.000000;   20.800;   26.076;
1ah1-v07; EGLNRPSGGCG-v1; 9;   -17.99; 0.000000;   19.586;   24.473;
1ah1-v08; EGLNRPSGGCG-v1; 1;   -20.92; 0.000000;    0.000;    0.000;
1ah1-v08; EGLNRPSGGCG-v1; 2;   -19.66; 0.000000;    2.107;    3.687;
1ah1-v08; EGLNRPSGGCG-v1; 3;   -19.66; 0.000000;    2.467;    4.862;
1ah1-v08; EGLNRPSGGCG-v1; 4;   -19.25; 0.000000;    2.728;    6.039;
1ah1-v08; EGLNRPSGGCG-v1; 5;   -19.25; 0.000000;    1.960;    3.101;
1ah1-v08; EGLNRPSGGCG-v1; 6;   -19.25; 0.000000;    2.955;    4.454;
1ah1-v08; EGLNRPSGGCG-v1; 7;   -18.83; 0.000000;    4.309;   15.261;
1ah1-v08; EGLNRPSGGCG-v1; 8;   -18.83; 0.000000;    2.806;    5.707;
1ah1-v08; EGLNRPSGGCG-v1; 9;   -18.41; 0.000000;   17.464;   23.528;
1ah1-v09; EGLNRPSGGCG-v1; 1;   -25.10; 0.000000;    0.000;    0.000;
1ah1-v09; EGLNRPSGGCG-v1; 2;   -25.10; 0.000000;   17.312;   22.046;
1ah1-v09; EGLNRPSGGCG-v1; 3;   -24.69; 0.000000;    5.617;    9.502;
1ah1-v09; EGLNRPSGGCG-v1; 4;   -24.27; 0.000000;    4.962;   14.409;
1ah1-v09; EGLNRPSGGCG-v1; 5;   -24.27; 0.000000;   16.802;   21.645;
1ah1-v09; EGLNRPSGGCG-v1; 6;   -24.27; 0.000000;   14.264;   18.870;
1ah1-v09; EGLNRPSGGCG-v1; 7;   -23.85; 0.000000;   15.634;   20.715;
1ah1-v09; EGLNRPSGGCG-v1; 8;   -23.85; 0.000000;   13.591;   20.004;
1ah1-v09; EGLNRPSGGCG-v1; 9;   -23.85; 0.000000;    4.753;   14.885;
1ah1-v11; EGLNRPSGGCG-v1; 1;   -20.50; 0.000000;    0.000;    0.000;
1ah1-v11; EGLNRPSGGCG-v1; 2;   -20.50; 0.000000;    5.555;   15.505;
1ah1-v11; EGLNRPSGGCG-v1; 3;   -20.50; 0.000000;    8.921;   14.108;
1ah1-v11; EGLNRPSGGCG-v1; 4;   -20.08; 0.000000;    9.549;   14.378;
1ah1-v11; EGLNRPSGGCG-v1; 5;   -20.08; 0.000000;    6.634;   12.399;
1ah1-v11; EGLNRPSGGCG-v1; 6;   -20.08; 0.000000;    4.795;   14.244;
1ah1-v11; EGLNRPSGGCG-v1; 7;   -19.66; 0.000000;   10.162;   15.580;
1ah1-v11; EGLNRPSGGCG-v1; 8;   -19.66; 0.000000;    5.231;   15.003;
1ah1-v11; EGLNRPSGGCG-v1; 9;   -19.66; 0.000000;    9.366;   16.965;
1ah1-v12; EGLNRPSGGCG-v1; 1;    -4.60; 0.000000;    0.000;    0.000;
1ah1-v12; EGLNRPSGGCG-v1; 2;    -4.18; 0.000000;    2.030;    2.785;
1ah1-v12; EGLNRPSGGCG-v1; 3;     6.69; 0.000000;    2.758;    3.954;
1ah1-v13; EGLNRPSGGCG-v1; 1;   -22.18; 0.000000;    0.000;    0.000;
1ah1-v13; EGLNRPSGGCG-v1; 2;   -21.76; 0.000000;    2.550;    4.051;
1ah1-v13; EGLNRPSGGCG-v1; 3;   -21.34; 0.000000;   20.212;   27.533;
1ah1-v13; EGLNRPSGGCG-v1; 4;   -20.50; 0.000000;   19.475;   24.802;
1ah1-v13; EGLNRPSGGCG-v1; 5;   -20.50; 0.000000;   22.834;   28.163;
1ah1-v13; EGLNRPSGGCG-v1; 6;   -20.08; 0.000000;   22.678;   28.046;
1ah1-v13; EGLNRPSGGCG-v1; 7;   -20.08; 0.000000;   22.462;   27.869;
1ah1-v13; EGLNRPSGGCG-v1; 8;   -20.08; 0.000000;   16.316;   22.150;
1ah1-v13; EGLNRPSGGCG-v1; 9;   -19.66; 0.000000;   23.081;   28.489;
1ah1-v14; EGLNRPSGGCG-v1; 1;   -19.25; 0.000000;    0.000;    0.000;
1ah1-v14; EGLNRPSGGCG-v1; 2;   -18.83; 0.000000;    2.845;    7.707;
1ah1-v14; EGLNRPSGGCG-v1; 3;   -18.41; 0.000000;    3.820;    6.427;
1ah1-v14; EGLNRPSGGCG-v1; 4;   -17.99; 0.000000;    3.340;    7.854;
1ah1-v14; EGLNRPSGGCG-v1; 5;   -17.99; 0.000000;    3.255;    5.733;
1ah1-v14; EGLNRPSGGCG-v1; 6;   -17.99; 0.000000;    3.923;   13.979;
1ah1-v14; EGLNRPSGGCG-v1; 7;   -17.99; 0.000000;    3.846;    6.277;
1ah1-v14; EGLNRPSGGCG-v1; 8;   -17.57; 0.000000;    3.771;   13.478;
1ah1-v14; EGLNRPSGGCG-v1; 9;   -17.57; 0.000000;    3.588;    6.292;
1ah1-v15; EGLNRPSGGCG-v1; 1;   -24.27; 0.000000;    0.000;    0.000;
1ah1-v15; EGLNRPSGGCG-v1; 2;   -23.85; 0.000000;    4.002;   13.155;
1ah1-v15; EGLNRPSGGCG-v1; 3;   -23.43; 0.000000;    2.569;    4.374;
1ah1-v15; EGLNRPSGGCG-v1; 4;   -23.43; 0.000000;    3.008;    4.598;
1ah1-v15; EGLNRPSGGCG-v1; 5;   -23.01; 0.000000;   13.672;   21.349;
1ah1-v15; EGLNRPSGGCG-v1; 6;   -23.01; 0.000000;   13.650;   21.069;
1ah1-v15; EGLNRPSGGCG-v1; 7;   -22.59; 0.000000;    3.841;    9.725;
1ah1-v15; EGLNRPSGGCG-v1; 8;   -22.18; 0.000000;    2.668;    4.999;
1ah1-v15; EGLNRPSGGCG-v1; 9;   -22.18; 0.000000;    3.335;   13.167;
1ah1-v16; EGLNRPSGGCG-v1; 1;   -19.66; 0.000000;    0.000;    0.000;
1ah1-v16; EGLNRPSGGCG-v1; 2;   -19.25; 0.000000;    2.796;    4.234;
1ah1-v16; EGLNRPSGGCG-v1; 3;   -18.83; 0.000000;   14.399;   21.332;
1ah1-v16; EGLNRPSGGCG-v1; 4;   -18.41; 0.000000;   18.361;   23.172;
1ah1-v16; EGLNRPSGGCG-v1; 5;   -17.99; 0.000000;   23.496;   30.542;
1ah1-v16; EGLNRPSGGCG-v1; 6;   -17.99; 0.000000;   10.868;   17.036;
1ah1-v16; EGLNRPSGGCG-v1; 7;   -17.57; 0.000000;    4.086;   15.457;
1ah1-v16; EGLNRPSGGCG-v1; 8;   -17.57; 0.000000;    3.780;    9.469;
1ah1-v16; EGLNRPSGGCG-v1; 9;   -17.57; 0.000000;   11.174;   19.168;
1ah1-v17; EGLNRPSGGCG-v1; 1;   -25.10; 0.000000;    0.000;    0.000;
1ah1-v17; EGLNRPSGGCG-v1; 2;   -25.10; 0.000000;    3.852;    7.721;
1ah1-v17; EGLNRPSGGCG-v1; 3;   -24.69; 0.000000;    2.142;    2.678;
1ah1-v17; EGLNRPSGGCG-v1; 4;   -24.27; 0.000000;    4.304;    8.910;
1ah1-v17; EGLNRPSGGCG-v1; 5;   -24.27; 0.000000;    2.525;    4.032;
1ah1-v17; EGLNRPSGGCG-v1; 6;   -23.85; 0.000000;    3.738;    8.596;
1ah1-v17; EGLNRPSGGCG-v1; 7;   -23.85; 0.000000;    3.554;    8.490;
1ah1-v17; EGLNRPSGGCG-v1; 8;   -23.85; 0.000000;    4.415;    7.201;
1ah1-v17; EGLNRPSGGCG-v1; 9;   -23.43; 0.000000;    4.254;    8.675;
1ah1-v18; EGLNRPSGGCG-v1; 1;    -7.95; 0.000000;    0.000;    0.000;
1ah1-v18; EGLNRPSGGCG-v1; 2;    -7.95; 0.000000;    1.695;    2.045;
1ah1-v18; EGLNRPSGGCG-v1; 3;    -7.53; 0.000000;    8.498;   11.984;
1ah1-v18; EGLNRPSGGCG-v1; 4;    -6.69; 0.000000;   13.001;   20.831;
1ah1-v18; EGLNRPSGGCG-v1; 5;    -6.69; 0.000000;   12.804;   20.872;
1ah1-v18; EGLNRPSGGCG-v1; 6;    -6.69; 0.000000;    1.777;    2.488;
1ah1-v18; EGLNRPSGGCG-v1; 7;    -6.28; 0.000000;   11.346;   19.460;
1ah1-v18; EGLNRPSGGCG-v1; 8;    -5.86; 0.000000;   12.530;   18.520;
1ah1-v18; EGLNRPSGGCG-v1; 9;    -5.02; 0.000000;    5.912;    9.588;
1ah1-v19; EGLNRPSGGCG-v1; 1;   -18.41; 0.000000;    0.000;    0.000;
1ah1-v19; EGLNRPSGGCG-v1; 2;   -18.41; 0.000000;    4.162;    7.437;
1ah1-v19; EGLNRPSGGCG-v1; 3;   -15.90; 0.000000;    4.294;    7.882;
1ah1-v19; EGLNRPSGGCG-v1; 4;   -15.48; 0.000000;   21.240;   25.990;
1ah1-v19; EGLNRPSGGCG-v1; 5;   -15.06; 0.000000;   19.829;   24.338;
1ah1-v19; EGLNRPSGGCG-v1; 6;   -15.06; 0.000000;   20.862;   26.179;
1ah1-v19; EGLNRPSGGCG-v1; 7;   -15.06; 0.000000;   20.819;   25.660;
1ah1-v19; EGLNRPSGGCG-v1; 8;   -14.64; 0.000000;   32.352;   37.807;
1ah1-v19; EGLNRPSGGCG-v1; 9;   -14.64; 0.000000;    4.088;    8.084;
1ah1-v20; EGLNRPSGGCG-v1; 1;    -6.28; 0.000000;    0.000;    0.000;
1ah1-v20; EGLNRPSGGCG-v1; 2;    -3.77; 0.000000;    3.052;    6.932;
1ah1-v20; EGLNRPSGGCG-v1; 3;    -2.93; 0.000000;   10.588;   19.302;
1ah1-v20; EGLNRPSGGCG-v1; 4;    -0.84; 0.000000;    4.936;   12.822;
1ah1-v20; EGLNRPSGGCG-v1; 5;    -0.42; 0.000000;    6.422;   13.216;
1ah1-v20; EGLNRPSGGCG-v1; 6;    -0.42; 0.000000;   12.979;   22.640;
1ah1-v20; EGLNRPSGGCG-v1; 7;    -0.00; 0.000000;   10.565;   17.452;
1ah1-v20; EGLNRPSGGCG-v1; 8;    -0.00; 0.000000;    9.625;   17.873;
1ah1-v20; EGLNRPSGGCG-v1; 9;     0.00; 0.000000;    5.538;   14.880;
1ah1-v01; YDPEYRNFWGCG-v1; 1;   -27.20; 0.000000;    0.000;    0.000;
1ah1-v01; YDPEYRNFWGCG-v1; 2;   -25.52; 0.000000;   25.014;   33.759;
1ah1-v01; YDPEYRNFWGCG-v1; 3;   -25.10; 0.000000;   23.087;   32.658;
1ah1-v01; YDPEYRNFWGCG-v1; 4;   -24.69; 0.000000;   23.522;   30.988;
1ah1-v01; YDPEYRNFWGCG-v1; 5;   -24.69; 0.000000;   26.295;   35.739;
1ah1-v01; YDPEYRNFWGCG-v1; 6;   -24.27; 0.000000;   23.476;   33.400;
1ah1-v01; YDPEYRNFWGCG-v1; 7;   -24.27; 0.000000;   24.831;   33.934;
1ah1-v01; YDPEYRNFWGCG-v1; 8;   -23.85; 0.000000;   23.816;   31.204;
1ah1-v01; YDPEYRNFWGCG-v1; 9;   -23.85; 0.000000;   25.633;   34.925;
1ah1-v02; YDPEYRNFWGCG-v1; 1;   -21.34; 0.000000;    0.000;    0.000;
1ah1-v02; YDPEYRNFWGCG-v1; 2;   -21.34; 0.000000;   15.826;   23.095;
1ah1-v02; YDPEYRNFWGCG-v1; 3;   -20.50; 0.000000;   17.179;   24.003;
1ah1-v02; YDPEYRNFWGCG-v1; 4;   -20.08; 0.000000;    1.714;    2.324;
1ah1-v02; YDPEYRNFWGCG-v1; 5;   -20.08; 0.000000;    3.585;   13.570;
1ah1-v02; YDPEYRNFWGCG-v1; 6;   -19.66; 0.000000;   19.241;   25.732;
1ah1-v02; YDPEYRNFWGCG-v1; 7;   -19.66; 0.000000;    5.140;   11.149;
1ah1-v02; YDPEYRNFWGCG-v1; 8;   -19.66; 0.000000;   19.430;   24.103;
1ah1-v02; YDPEYRNFWGCG-v1; 9;   -19.66; 0.000000;    4.944;   11.564;
1ah1-v03; YDPEYRNFWGCG-v1; 1;   -15.06; 0.000000;    0.000;    0.000;
1ah1-v03; YDPEYRNFWGCG-v1; 2;   -15.06; 0.000000;    5.324;   11.486;
1ah1-v03; YDPEYRNFWGCG-v1; 3;   -14.23; 0.000000;    5.240;   11.468;
1ah1-v03; YDPEYRNFWGCG-v1; 4;   -13.39; 0.000000;    6.484;   12.727;
1ah1-v03; YDPEYRNFWGCG-v1; 5;   -12.55; 0.000000;    2.489;    3.908;
1ah1-v03; YDPEYRNFWGCG-v1; 6;   -11.72; 0.000000;    7.513;   16.304;
1ah1-v03; YDPEYRNFWGCG-v1; 7;   -11.72; 0.000000;    1.818;    2.953;
1ah1-v03; YDPEYRNFWGCG-v1; 8;   -11.30; 0.000000;    2.058;    3.078;
1ah1-v03; YDPEYRNFWGCG-v1; 9;   -10.88; 0.000000;    6.482;   13.655;
1ah1-v04; YDPEYRNFWGCG-v1; 1;    57.74; 0.000000;    0.000;    0.000;
1ah1-v04; YDPEYRNFWGCG-v1; 2;    69.45; 0.000000;    1.590;    2.680;
1ah1-v05; YDPEYRNFWGCG-v1; 1;    -7.11; 0.000000;    0.000;    0.000;
1ah1-v06; YDPEYRNFWGCG-v1; 1;   -21.34; 0.000000;    0.000;    0.000;
1ah1-v06; YDPEYRNFWGCG-v1; 2;   -20.08; 0.000000;   10.515;   18.534;
1ah1-v06; YDPEYRNFWGCG-v1; 3;   -20.08; 0.000000;    1.886;    2.642;
1ah1-v06; YDPEYRNFWGCG-v1; 4;   -19.66; 0.000000;   16.996;   23.959;
1ah1-v06; YDPEYRNFWGCG-v1; 5;   -19.66; 0.000000;   10.412;   18.615;
1ah1-v06; YDPEYRNFWGCG-v1; 6;   -19.66; 0.000000;   16.730;   23.438;
1ah1-v06; YDPEYRNFWGCG-v1; 7;   -19.66; 0.000000;   17.232;   23.467;
1ah1-v06; YDPEYRNFWGCG-v1; 8;   -19.66; 0.000000;    3.727;    9.804;
1ah1-v06; YDPEYRNFWGCG-v1; 9;   -19.25; 0.000000;   11.624;   19.482;
1ah1-v07; YDPEYRNFWGCG-v1; 1;   -28.45; 0.000000;    0.000;    0.000;
1ah1-v07; YDPEYRNFWGCG-v1; 2;   -28.03; 0.000000;    7.134;   13.691;
1ah1-v07; YDPEYRNFWGCG-v1; 3;   -27.61; 0.000000;    5.842;   11.787;
1ah1-v07; YDPEYRNFWGCG-v1; 4;   -27.61; 0.000000;   21.188;   25.338;
1ah1-v07; YDPEYRNFWGCG-v1; 5;   -27.20; 0.000000;    3.902;   13.840;
1ah1-v07; YDPEYRNFWGCG-v1; 6;   -27.20; 0.000000;    5.796;   18.111;
1ah1-v07; YDPEYRNFWGCG-v1; 7;   -26.78; 0.000000;   22.202;   27.457;
1ah1-v07; YDPEYRNFWGCG-v1; 8;   -26.78; 0.000000;   18.111;   24.672;
1ah1-v07; YDPEYRNFWGCG-v1; 9;   -26.78; 0.000000;    3.918;   17.418;
1ah1-v08; YDPEYRNFWGCG-v1; 1;   -26.36; 0.000000;    0.000;    0.000;
1ah1-v08; YDPEYRNFWGCG-v1; 2;   -24.27; 0.000000;    1.768;    2.485;
1ah1-v08; YDPEYRNFWGCG-v1; 3;   -23.85; 0.000000;    2.785;    4.910;
1ah1-v08; YDPEYRNFWGCG-v1; 4;   -23.85; 0.000000;    2.289;    4.301;
1ah1-v08; YDPEYRNFWGCG-v1; 5;   -23.01; 0.000000;   25.823;   33.949;
1ah1-v08; YDPEYRNFWGCG-v1; 6;   -23.01; 0.000000;    7.712;   14.396;
1ah1-v08; YDPEYRNFWGCG-v1; 7;   -22.59; 0.000000;    2.430;    3.255;
1ah1-v08; YDPEYRNFWGCG-v1; 8;   -22.59; 0.000000;   28.172;   34.483;
1ah1-v08; YDPEYRNFWGCG-v1; 9;   -22.59; 0.000000;    8.208;   20.252;
1ah1-v09; YDPEYRNFWGCG-v1; 1;   -21.34; 0.000000;    0.000;    0.000;
1ah1-v09; YDPEYRNFWGCG-v1; 2;   -21.34; 0.000000;    4.909;   12.015;
1ah1-v09; YDPEYRNFWGCG-v1; 3;   -21.34; 0.000000;    4.120;    9.791;
1ah1-v09; YDPEYRNFWGCG-v1; 4;   -21.34; 0.000000;    3.430;   12.522;
1ah1-v09; YDPEYRNFWGCG-v1; 5;   -20.92; 0.000000;    3.143;    8.162;
1ah1-v09; YDPEYRNFWGCG-v1; 6;   -20.08; 0.000000;   17.047;   23.340;
1ah1-v09; YDPEYRNFWGCG-v1; 7;   -20.08; 0.000000;    4.957;    9.876;
1ah1-v09; YDPEYRNFWGCG-v1; 8;   -20.08; 0.000000;    3.389;   12.591;
1ah1-v09; YDPEYRNFWGCG-v1; 9;   -20.08; 0.000000;    2.927;    7.933;
1ah1-v11; YDPEYRNFWGCG-v1; 1;   -20.92; 0.000000;    0.000;    0.000;
1ah1-v11; YDPEYRNFWGCG-v1; 2;   -20.92; 0.000000;    1.676;    2.354;
1ah1-v11; YDPEYRNFWGCG-v1; 3;   -20.50; 0.000000;    1.926;    3.571;
1ah1-v11; YDPEYRNFWGCG-v1; 4;   -20.08; 0.000000;    2.978;    4.673;
1ah1-v11; YDPEYRNFWGCG-v1; 5;   -19.66; 0.000000;    3.166;    5.498;
1ah1-v11; YDPEYRNFWGCG-v1; 6;   -19.66; 0.000000;    2.774;    5.027;
1ah1-v11; YDPEYRNFWGCG-v1; 7;   -19.66; 0.000000;    7.976;   17.979;
1ah1-v11; YDPEYRNFWGCG-v1; 8;   -19.66; 0.000000;    3.242;    6.017;
1ah1-v11; YDPEYRNFWGCG-v1; 9;   -19.25; 0.000000;    3.745;    7.512;
1ah1-v12; YDPEYRNFWGCG-v1; 1;    94.14; 0.000000;    0.000;    0.000;
1ah1-v13; YDPEYRNFWGCG-v1; 1;   -17.15; 0.000000;    0.000;    0.000;
1ah1-v13; YDPEYRNFWGCG-v1; 2;   -15.48; 0.000000;    3.886;    9.067;
1ah1-v13; YDPEYRNFWGCG-v1; 3;   -15.48; 0.000000;    4.247;    9.817;
1ah1-v13; YDPEYRNFWGCG-v1; 4;   -15.48; 0.000000;    2.835;    6.540;
1ah1-v13; YDPEYRNFWGCG-v1; 5;   -15.06; 0.000000;    9.135;   16.974;
1ah1-v13; YDPEYRNFWGCG-v1; 6;   -15.06; 0.000000;    4.369;   10.050;
1ah1-v13; YDPEYRNFWGCG-v1; 7;   -15.06; 0.000000;    8.984;   16.152;
1ah1-v13; YDPEYRNFWGCG-v1; 8;   -14.64; 0.000000;    8.756;   16.633;
1ah1-v13; YDPEYRNFWGCG-v1; 9;   -14.64; 0.000000;   13.906;   23.953;
1ah1-v14; YDPEYRNFWGCG-v1; 1;   -25.10; 0.000000;    0.000;    0.000;
1ah1-v14; YDPEYRNFWGCG-v1; 2;   -24.69; 0.000000;    3.079;    4.732;
1ah1-v14; YDPEYRNFWGCG-v1; 3;   -24.69; 0.000000;    2.773;    5.216;
1ah1-v14; YDPEYRNFWGCG-v1; 4;   -24.69; 0.000000;    3.119;    5.120;
1ah1-v14; YDPEYRNFWGCG-v1; 5;   -24.27; 0.000000;    3.319;    7.259;
1ah1-v14; YDPEYRNFWGCG-v1; 6;   -24.27; 0.000000;    3.601;    7.816;
1ah1-v14; YDPEYRNFWGCG-v1; 7;   -23.85; 0.000000;    4.578;   18.022;
1ah1-v14; YDPEYRNFWGCG-v1; 8;   -23.43; 0.000000;    7.768;   14.290;
1ah1-v14; YDPEYRNFWGCG-v1; 9;   -23.43; 0.000000;    3.919;    8.003;
1ah1-v15; YDPEYRNFWGCG-v1; 1;   -23.01; 0.000000;    0.000;    0.000;
1ah1-v15; YDPEYRNFWGCG-v1; 2;   -22.18; 0.000000;   15.898;   24.639;
1ah1-v15; YDPEYRNFWGCG-v1; 3;   -21.34; 0.000000;    2.978;    6.518;
1ah1-v15; YDPEYRNFWGCG-v1; 4;   -21.34; 0.000000;    2.719;    8.024;
1ah1-v15; YDPEYRNFWGCG-v1; 5;   -21.34; 0.000000;   15.757;   23.712;
1ah1-v15; YDPEYRNFWGCG-v1; 6;   -20.50; 0.000000;    1.761;    2.928;
1ah1-v15; YDPEYRNFWGCG-v1; 7;   -20.08; 0.000000;    3.619;    8.379;
1ah1-v15; YDPEYRNFWGCG-v1; 8;   -20.08; 0.000000;    6.635;   18.311;
1ah1-v15; YDPEYRNFWGCG-v1; 9;   -20.08; 0.000000;   14.408;   23.332;
1ah1-v16; YDPEYRNFWGCG-v1; 1;   -16.32; 0.000000;    0.000;    0.000;
1ah1-v16; YDPEYRNFWGCG-v1; 2;   -16.32; 0.000000;    6.996;   18.907;
1ah1-v16; YDPEYRNFWGCG-v1; 3;   -15.06; 0.000000;    6.556;   18.624;
1ah1-v16; YDPEYRNFWGCG-v1; 4;   -14.64; 0.000000;    7.375;   18.555;
1ah1-v16; YDPEYRNFWGCG-v1; 5;   -14.64; 0.000000;   13.472;   21.867;
1ah1-v16; YDPEYRNFWGCG-v1; 6;   -13.81; 0.000000;   13.627;   21.971;
1ah1-v16; YDPEYRNFWGCG-v1; 7;   -13.81; 0.000000;    5.680;   18.179;
1ah1-v16; YDPEYRNFWGCG-v1; 8;   -12.97; 0.000000;    1.650;    2.189;
1ah1-v16; YDPEYRNFWGCG-v1; 9;   -11.72; 0.000000;    2.263;    3.050;
1ah1-v17; YDPEYRNFWGCG-v1; 1;   -28.03; 0.000000;    0.000;    0.000;
1ah1-v17; YDPEYRNFWGCG-v1; 2;   -27.20; 0.000000;    4.796;   12.788;
1ah1-v17; YDPEYRNFWGCG-v1; 3;   -26.78; 0.000000;    4.795;   14.215;
1ah1-v17; YDPEYRNFWGCG-v1; 4;   -26.36; 0.000000;    5.276;   13.487;
1ah1-v17; YDPEYRNFWGCG-v1; 5;   -25.52; 0.000000;    3.810;   10.105;
1ah1-v17; YDPEYRNFWGCG-v1; 6;   -25.52; 0.000000;    3.457;   11.685;
1ah1-v17; YDPEYRNFWGCG-v1; 7;   -25.10; 0.000000;    3.387;   12.293;
1ah1-v17; YDPEYRNFWGCG-v1; 8;   -25.10; 0.000000;    4.080;    8.833;
1ah1-v17; YDPEYRNFWGCG-v1; 9;   -25.10; 0.000000;    3.851;    8.911;
1ah1-v18; YDPEYRNFWGCG-v1; 1;   -11.30; 0.000000;    0.000;    0.000;
1ah1-v18; YDPEYRNFWGCG-v1; 2;   -10.88; 0.000000;    7.121;   21.630;
1ah1-v18; YDPEYRNFWGCG-v1; 3;   -10.88; 0.000000;    8.496;   12.724;
1ah1-v18; YDPEYRNFWGCG-v1; 4;   -10.46; 0.000000;    7.420;   20.848;
1ah1-v18; YDPEYRNFWGCG-v1; 5;   -10.46; 0.000000;    7.931;   20.937;
1ah1-v18; YDPEYRNFWGCG-v1; 6;   -10.04; 0.000000;    6.752;   20.603;
1ah1-v18; YDPEYRNFWGCG-v1; 7;    -9.62; 0.000000;   30.947;   41.188;
1ah1-v18; YDPEYRNFWGCG-v1; 8;    -8.79; 0.000000;    8.323;   21.907;
1ah1-v18; YDPEYRNFWGCG-v1; 9;    -8.37; 0.000000;   22.808;   32.144;
1ah1-v19; YDPEYRNFWGCG-v1; 1;   -19.66; 0.000000;    0.000;    0.000;
1ah1-v19; YDPEYRNFWGCG-v1; 2;   -19.25; 0.000000;   19.884;   29.111;
1ah1-v19; YDPEYRNFWGCG-v1; 3;   -18.83; 0.000000;    1.821;    4.928;
1ah1-v19; YDPEYRNFWGCG-v1; 4;   -18.41; 0.000000;    3.043;    8.486;
1ah1-v19; YDPEYRNFWGCG-v1; 5;   -18.41; 0.000000;   20.187;   28.971;
1ah1-v19; YDPEYRNFWGCG-v1; 6;   -17.99; 0.000000;   22.508;   27.718;
1ah1-v19; YDPEYRNFWGCG-v1; 7;   -17.57; 0.000000;   19.655;   28.537;
1ah1-v19; YDPEYRNFWGCG-v1; 8;   -17.15; 0.000000;   18.839;   27.938;
1ah1-v19; YDPEYRNFWGCG-v1; 9;   -16.74; 0.000000;   19.071;   28.660;
1ah1-v20; YDPEYRNFWGCG-v1; 1;   -10.88; 0.000000;    0.000;    0.000;
1ah1-v20; YDPEYRNFWGCG-v1; 2;    -9.62; 0.000000;    1.740;    2.094;
1ah1-v20; YDPEYRNFWGCG-v1; 3;    -8.37; 0.000000;    2.137;    2.851;
1ah1-v20; YDPEYRNFWGCG-v1; 4;    -8.37; 0.000000;    1.717;    2.166;
1ah1-v20; YDPEYRNFWGCG-v1; 5;    -8.37; 0.000000;    6.081;   21.368;
1ah1-v20; YDPEYRNFWGCG-v1; 6;    -7.95; 0.000000;    6.414;   14.912;
1ah1-v20; YDPEYRNFWGCG-v1; 7;    -7.95; 0.000000;    7.460;   24.618;
1ah1-v20; YDPEYRNFWGCG-v1; 8;    -6.69; 0.000000;    6.642;   24.636;
1ah1-v20; YDPEYRNFWGCG-v1; 9;    -6.69; 0.000000;    8.009;   25.153;
1ah1-v01; EGLNRPSGGCG-v1; 1;   -25.10; 0.000000;    0.000;    0.000;
1ah1-v01; EGLNRPSGGCG-v1; 2;   -24.69; 0.000000;   19.044;   26.636;
1ah1-v01; EGLNRPSGGCG-v1; 3;   -24.27; 0.000000;   19.146;   26.112;
1ah1-v01; EGLNRPSGGCG-v1; 4;   -23.43; 0.000000;   23.006;   29.459;
1ah1-v01; EGLNRPSGGCG-v1; 5;   -23.43; 0.000000;   22.559;   28.052;
1ah1-v01; EGLNRPSGGCG-v1; 6;   -22.59; 0.000000;    2.224;    3.134;
1ah1-v01; EGLNRPSGGCG-v1; 7;   -22.18; 0.000000;   21.576;   28.252;
1ah1-v01; EGLNRPSGGCG-v1; 8;   -22.18; 0.000000;   21.324;   29.265;
1ah1-v01; EGLNRPSGGCG-v1; 9;   -21.76; 0.000000;    4.048;    5.238;
1ah1-v02; EGLNRPSGGCG-v1; 1;   -24.69; 0.000000;    0.000;    0.000;
1ah1-v02; EGLNRPSGGCG-v1; 2;   -24.69; 0.000000;    5.538;   11.931;
1ah1-v02; EGLNRPSGGCG-v1; 3;   -24.27; 0.000000;    1.496;    2.741;
1ah1-v02; EGLNRPSGGCG-v1; 4;   -24.27; 0.000000;    4.118;    6.518;
1ah1-v02; EGLNRPSGGCG-v1; 5;   -24.27; 0.000000;   15.610;   21.782;
1ah1-v02; EGLNRPSGGCG-v1; 6;   -24.27; 0.000000;   12.828;   21.930;
1ah1-v02; EGLNRPSGGCG-v1; 7;   -23.85; 0.000000;   13.598;   19.097;
1ah1-v02; EGLNRPSGGCG-v1; 8;   -23.85; 0.000000;    4.861;   15.223;
1ah1-v02; EGLNRPSGGCG-v1; 9;   -23.43; 0.000000;   12.379;   17.876;
1ah1-v03; EGLNRPSGGCG-v1; 1;   -14.23; 0.000000;    0.000;    0.000;
1ah1-v03; EGLNRPSGGCG-v1; 2;   -14.23; 0.000000;    2.188;    2.944;
1ah1-v03; EGLNRPSGGCG-v1; 3;   -12.97; 0.000000;    3.156;    5.572;
1ah1-v03; EGLNRPSGGCG-v1; 4;   -12.97; 0.000000;    2.047;    2.951;
1ah1-v03; EGLNRPSGGCG-v1; 5;   -12.55; 0.000000;    5.277;   10.094;
1ah1-v03; EGLNRPSGGCG-v1; 6;   -12.55; 0.000000;    3.168;    9.155;
1ah1-v03; EGLNRPSGGCG-v1; 7;   -12.55; 0.000000;    3.202;    8.055;
1ah1-v03; EGLNRPSGGCG-v1; 8;   -12.55; 0.000000;    4.537;    9.423;
1ah1-v03; EGLNRPSGGCG-v1; 9;   -12.13; 0.000000;    4.300;    9.565;
1ah1-v05; EGLNRPSGGCG-v1; 1;    -2.51; 0.000000;    0.000;    0.000;
1ah1-v05; EGLNRPSGGCG-v1; 2;    -2.51; 0.000000;    2.880;    4.245;
1ah1-v06; EGLNRPSGGCG-v1; 1;   -22.59; 0.000000;    0.000;    0.000;
1ah1-v06; EGLNRPSGGCG-v1; 2;   -21.76; 0.000000;   16.578;   20.611;
1ah1-v06; EGLNRPSGGCG-v1; 3;   -21.34; 0.000000;   16.052;   20.299;
1ah1-v06; EGLNRPSGGCG-v1; 4;   -21.34; 0.000000;    4.622;    8.954;
1ah1-v06; EGLNRPSGGCG-v1; 5;   -21.34; 0.000000;   12.711;   20.430;
1ah1-v06; EGLNRPSGGCG-v1; 6;   -20.92; 0.000000;    8.852;   17.944;
1ah1-v06; EGLNRPSGGCG-v1; 7;   -20.92; 0.000000;    2.770;    4.087;
1ah1-v06; EGLNRPSGGCG-v1; 8;   -20.50; 0.000000;    6.389;    9.923;
1ah1-v06; EGLNRPSGGCG-v1; 9;   -20.50; 0.000000;   15.712;   20.693;
1ah1-v07; EGLNRPSGGCG-v1; 1;   -28.87; 0.000000;    0.000;    0.000;
1ah1-v07; EGLNRPSGGCG-v1; 2;   -25.52; 0.000000;   16.731;   23.668;
1ah1-v07; EGLNRPSGGCG-v1; 3;   -25.10; 0.000000;    3.981;    6.370;
1ah1-v07; EGLNRPSGGCG-v1; 4;   -24.27; 0.000000;    2.601;    3.401;
1ah1-v07; EGLNRPSGGCG-v1; 5;   -23.85; 0.000000;   22.290;   26.451;
1ah1-v07; EGLNRPSGGCG-v1; 6;   -23.43; 0.000000;   21.531;   25.641;
1ah1-v07; EGLNRPSGGCG-v1; 7;   -23.43; 0.000000;    7.272;   13.085;
1ah1-v07; EGLNRPSGGCG-v1; 8;   -23.43; 0.000000;   13.908;   23.160;
1ah1-v07; EGLNRPSGGCG-v1; 9;   -23.43; 0.000000;   21.176;   26.228;
1ah1-v08; EGLNRPSGGCG-v1; 1;   -18.83; 0.000000;    0.000;    0.000;
1ah1-v08; EGLNRPSGGCG-v1; 2;   -18.41; 0.000000;   24.699;   29.938;
1ah1-v08; EGLNRPSGGCG-v1; 3;   -18.41; 0.000000;    2.501;    8.773;
1ah1-v08; EGLNRPSGGCG-v1; 4;   -17.99; 0.000000;    3.468;   11.742;
1ah1-v08; EGLNRPSGGCG-v1; 5;   -17.99; 0.000000;   23.261;   29.323;
1ah1-v08; EGLNRPSGGCG-v1; 6;   -17.57; 0.000000;   22.522;   27.614;
1ah1-v08; EGLNRPSGGCG-v1; 7;   -17.57; 0.000000;    3.455;   10.943;
1ah1-v08; EGLNRPSGGCG-v1; 8;   -17.57; 0.000000;    2.115;    4.433;
1ah1-v08; EGLNRPSGGCG-v1; 9;   -17.57; 0.000000;   24.978;   30.254;
1ah1-v09; EGLNRPSGGCG-v1; 1;   -24.69; 0.000000;    0.000;    0.000;
1ah1-v09; EGLNRPSGGCG-v1; 2;   -23.85; 0.000000;   15.206;   20.819;
1ah1-v09; EGLNRPSGGCG-v1; 3;   -23.85; 0.000000;   13.183;   20.094;
1ah1-v09; EGLNRPSGGCG-v1; 4;   -23.85; 0.000000;   13.187;   15.911;
1ah1-v09; EGLNRPSGGCG-v1; 5;   -23.43; 0.000000;    2.029;    2.672;
1ah1-v09; EGLNRPSGGCG-v1; 6;   -23.43; 0.000000;   11.488;   14.544;
1ah1-v09; EGLNRPSGGCG-v1; 7;   -23.43; 0.000000;   14.196;   19.901;
1ah1-v09; EGLNRPSGGCG-v1; 8;   -23.43; 0.000000;    5.483;   13.277;
1ah1-v09; EGLNRPSGGCG-v1; 9;   -23.43; 0.000000;    6.450;   13.835;
1ah1-v11; EGLNRPSGGCG-v1; 1;   -18.83; 0.000000;    0.000;    0.000;
1ah1-v11; EGLNRPSGGCG-v1; 2;   -18.83; 0.000000;   33.116;   38.610;
1ah1-v11; EGLNRPSGGCG-v1; 3;   -18.41; 0.000000;    2.171;    2.755;
1ah1-v11; EGLNRPSGGCG-v1; 4;   -17.99; 0.000000;    3.344;    6.211;
1ah1-v11; EGLNRPSGGCG-v1; 5;   -17.57; 0.000000;   11.679;   18.145;
1ah1-v11; EGLNRPSGGCG-v1; 6;   -17.57; 0.000000;   33.235;   39.545;
1ah1-v11; EGLNRPSGGCG-v1; 7;   -17.57; 0.000000;    8.504;   19.787;
1ah1-v11; EGLNRPSGGCG-v1; 8;   -17.57; 0.000000;   32.801;   38.635;
1ah1-v11; EGLNRPSGGCG-v1; 9;   -17.15; 0.000000;    7.455;   18.031;
1ah1-v12; EGLNRPSGGCG-v1; 1;     2.09; 0.000000;    0.000;    0.000;
1ah1-v12; EGLNRPSGGCG-v1; 2;     4.60; 0.000000;    4.467;   14.255;
1ah1-v13; EGLNRPSGGCG-v1; 1;   -20.92; 0.000000;    0.000;    0.000;
1ah1-v13; EGLNRPSGGCG-v1; 2;   -20.08; 0.000000;    1.772;    2.707;
1ah1-v13; EGLNRPSGGCG-v1; 3;   -19.66; 0.000000;    2.029;    2.797;
1ah1-v13; EGLNRPSGGCG-v1; 4;   -19.25; 0.000000;   21.298;   28.654;
1ah1-v13; EGLNRPSGGCG-v1; 5;   -19.25; 0.000000;   21.654;   29.000;
1ah1-v13; EGLNRPSGGCG-v1; 6;   -19.25; 0.000000;    2.621;    4.256;
1ah1-v13; EGLNRPSGGCG-v1; 7;   -18.41; 0.000000;   22.787;   29.889;
1ah1-v13; EGLNRPSGGCG-v1; 8;   -16.74; 0.000000;   24.621;   31.713;
1ah1-v13; EGLNRPSGGCG-v1; 9;   -16.74; 0.000000;   26.628;   32.026;
1ah1-v14; EGLNRPSGGCG-v1; 1;   -23.01; 0.000000;    0.000;    0.000;
1ah1-v14; EGLNRPSGGCG-v1; 2;   -22.18; 0.000000;    5.367;   13.250;
1ah1-v14; EGLNRPSGGCG-v1; 3;   -22.18; 0.000000;    2.943;    5.451;
1ah1-v14; EGLNRPSGGCG-v1; 4;   -21.76; 0.000000;    2.809;    5.597;
1ah1-v14; EGLNRPSGGCG-v1; 5;   -21.34; 0.000000;    2.919;    5.685;
1ah1-v14; EGLNRPSGGCG-v1; 6;   -21.34; 0.000000;    3.696;   14.220;
1ah1-v14; EGLNRPSGGCG-v1; 7;   -21.34; 0.000000;    2.983;    7.973;
1ah1-v14; EGLNRPSGGCG-v1; 8;   -20.92; 0.000000;    6.308;   11.794;
1ah1-v14; EGLNRPSGGCG-v1; 9;   -20.92; 0.000000;    4.763;   13.993;
1ah1-v15; EGLNRPSGGCG-v1; 1;   -25.10; 0.000000;    0.000;    0.000;
1ah1-v15; EGLNRPSGGCG-v1; 2;   -24.69; 0.000000;    4.194;   12.625;
1ah1-v15; EGLNRPSGGCG-v1; 3;   -24.69; 0.000000;    4.718;   13.507;
1ah1-v15; EGLNRPSGGCG-v1; 4;   -23.85; 0.000000;    4.686;   13.139;
1ah1-v15; EGLNRPSGGCG-v1; 5;   -23.43; 0.000000;    3.797;   11.920;
1ah1-v15; EGLNRPSGGCG-v1; 6;   -23.01; 0.000000;    3.459;   12.152;
1ah1-v15; EGLNRPSGGCG-v1; 7;   -23.01; 0.000000;    4.142;   11.952;
1ah1-v15; EGLNRPSGGCG-v1; 8;   -23.01; 0.000000;   16.030;   22.066;
1ah1-v15; EGLNRPSGGCG-v1; 9;   -22.59; 0.000000;   16.504;   22.217;
1ah1-v16; EGLNRPSGGCG-v1; 1;   -21.76; 0.000000;    0.000;    0.000;
1ah1-v16; EGLNRPSGGCG-v1; 2;   -19.25; 0.000000;    1.919;    3.261;
1ah1-v16; EGLNRPSGGCG-v1; 3;   -18.83; 0.000000;    4.757;    9.264;
1ah1-v16; EGLNRPSGGCG-v1; 4;   -18.41; 0.000000;    4.455;   17.210;
1ah1-v16; EGLNRPSGGCG-v1; 5;   -17.57; 0.000000;   10.971;   18.405;
1ah1-v16; EGLNRPSGGCG-v1; 6;   -17.57; 0.000000;    4.453;    8.805;
1ah1-v16; EGLNRPSGGCG-v1; 7;   -16.74; 0.000000;    1.706;    2.572;
1ah1-v16; EGLNRPSGGCG-v1; 8;   -16.74; 0.000000;    7.383;   15.535;
1ah1-v16; EGLNRPSGGCG-v1; 9;   -16.74; 0.000000;    5.313;   19.031;
1ah1-v17; EGLNRPSGGCG-v1; 1;   -23.43; 0.000000;    0.000;    0.000;
1ah1-v17; EGLNRPSGGCG-v1; 2;   -23.01; 0.000000;   22.128;   30.031;
1ah1-v17; EGLNRPSGGCG-v1; 3;   -23.01; 0.000000;    6.915;   12.460;
1ah1-v17; EGLNRPSGGCG-v1; 4;   -22.59; 0.000000;    5.807;   13.060;
1ah1-v17; EGLNRPSGGCG-v1; 5;   -22.59; 0.000000;    2.882;    7.292;
1ah1-v17; EGLNRPSGGCG-v1; 6;   -22.59; 0.000000;    8.458;   14.615;
1ah1-v17; EGLNRPSGGCG-v1; 7;   -22.59; 0.000000;    7.603;   17.519;
1ah1-v17; EGLNRPSGGCG-v1; 8;   -22.59; 0.000000;    7.346;   14.724;
1ah1-v17; EGLNRPSGGCG-v1; 9;   -22.18; 0.000000;    8.037;   14.439;
1ah1-v18; EGLNRPSGGCG-v1; 1;   -15.48; 0.000000;    0.000;    0.000;
1ah1-v18; EGLNRPSGGCG-v1; 2;   -14.64; 0.000000;    8.325;   14.300;
1ah1-v18; EGLNRPSGGCG-v1; 3;   -12.13; 0.000000;    8.720;   14.328;
1ah1-v18; EGLNRPSGGCG-v1; 4;   -11.72; 0.000000;    9.197;   15.559;
1ah1-v18; EGLNRPSGGCG-v1; 5;   -11.30; 0.000000;    7.033;   14.094;
1ah1-v18; EGLNRPSGGCG-v1; 6;   -11.30; 0.000000;    2.337;    4.280;
1ah1-v18; EGLNRPSGGCG-v1; 7;   -11.30; 0.000000;    9.856;   20.640;
1ah1-v18; EGLNRPSGGCG-v1; 8;   -11.30; 0.000000;    9.897;   20.379;
1ah1-v18; EGLNRPSGGCG-v1; 9;   -10.88; 0.000000;    3.195;    5.697;
1ah1-v19; EGLNRPSGGCG-v1; 1;   -23.85; 0.000000;    0.000;    0.000;
1ah1-v19; EGLNRPSGGCG-v1; 2;   -23.43; 0.000000;    8.681;   17.278;
1ah1-v19; EGLNRPSGGCG-v1; 3;   -23.43; 0.000000;    9.083;   16.565;
1ah1-v19; EGLNRPSGGCG-v1; 4;   -23.01; 0.000000;    4.221;    9.314;
1ah1-v19; EGLNRPSGGCG-v1; 5;   -21.76; 0.000000;    2.853;    6.149;
1ah1-v19; EGLNRPSGGCG-v1; 6;   -21.34; 0.000000;    4.387;   12.995;
1ah1-v19; EGLNRPSGGCG-v1; 7;   -20.92; 0.000000;   16.400;   22.057;
1ah1-v19; EGLNRPSGGCG-v1; 8;   -20.50; 0.000000;   15.789;   21.654;
1ah1-v19; EGLNRPSGGCG-v1; 9;   -20.50; 0.000000;    1.999;    3.331;
1ah1-v20; EGLNRPSGGCG-v1; 1;    -5.02; 0.000000;    0.000;    0.000;
1ah1-v20; EGLNRPSGGCG-v1; 2;    -4.60; 0.000000;    1.985;    2.248;
1ah1-v20; EGLNRPSGGCG-v1; 3;    -4.60; 0.000000;    4.677;   12.490;
1ah1-v20; EGLNRPSGGCG-v1; 4;    -3.77; 0.000000;    4.653;   11.666;
1ah1-v20; EGLNRPSGGCG-v1; 5;    -3.77; 0.000000;    5.480;   13.121;
1ah1-v20; EGLNRPSGGCG-v1; 6;    -3.35; 0.000000;    2.611;    3.792;
1ah1-v20; EGLNRPSGGCG-v1; 7;    -2.51; 0.000000;    3.558;   11.738;
1ah1-v20; EGLNRPSGGCG-v1; 8;    -1.26; 0.000000;    3.325;   11.673;
1ah1-v20; EGLNRPSGGCG-v1; 9;    -0.84; 0.000000;    5.754;   12.900;
1ah1-v01; YDPEYRNFWGCG-v1; 1;   -20.08; 0.000000;    0.000;    0.000;
1ah1-v01; YDPEYRNFWGCG-v1; 2;   -19.66; 0.000000;    2.044;    3.104;
1ah1-v01; YDPEYRNFWGCG-v1; 3;   -19.66; 0.000000;    3.663;   12.875;
1ah1-v01; YDPEYRNFWGCG-v1; 4;   -19.66; 0.000000;    4.616;   11.429;
1ah1-v01; YDPEYRNFWGCG-v1; 5;   -18.83; 0.000000;    6.159;   15.334;
1ah1-v01; YDPEYRNFWGCG-v1; 6;   -18.83; 0.000000;    4.191;    9.985;
1ah1-v01; YDPEYRNFWGCG-v1; 7;   -18.83; 0.000000;    2.813;    7.152;
1ah1-v01; YDPEYRNFWGCG-v1; 8;   -18.83; 0.000000;    4.710;   14.031;
1ah1-v01; YDPEYRNFWGCG-v1; 9;   -18.41; 0.000000;    2.887;    7.298;
1ah1-v02; YDPEYRNFWGCG-v1; 1;   -25.52; 0.000000;    0.000;    0.000;
1ah1-v02; YDPEYRNFWGCG-v1; 2;   -25.52; 0.000000;    9.227;   13.994;
1ah1-v02; YDPEYRNFWGCG-v1; 3;   -25.52; 0.000000;   12.925;   20.643;
1ah1-v02; YDPEYRNFWGCG-v1; 4;   -25.52; 0.000000;   13.368;   21.249;
1ah1-v02; YDPEYRNFWGCG-v1; 5;   -25.10; 0.000000;   15.111;   20.352;
1ah1-v02; YDPEYRNFWGCG-v1; 6;   -24.69; 0.000000;    7.944;   16.457;
1ah1-v02; YDPEYRNFWGCG-v1; 7;   -24.69; 0.000000;    9.130;   14.007;
1ah1-v02; YDPEYRNFWGCG-v1; 8;   -24.69; 0.000000;    1.686;    2.187;
1ah1-v02; YDPEYRNFWGCG-v1; 9;   -24.69; 0.000000;   14.059;   20.856;
1ah1-v03; YDPEYRNFWGCG-v1; 1;   -18.41; 0.000000;    0.000;    0.000;
1ah1-v03; YDPEYRNFWGCG-v1; 2;   -17.99; 0.000000;    1.815;    2.184;
1ah1-v03; YDPEYRNFWGCG-v1; 3;   -16.74; 0.000000;   21.668;   28.671;
1ah1-v03; YDPEYRNFWGCG-v1; 4;   -15.90; 0.000000;   20.438;   30.948;
1ah1-v03; YDPEYRNFWGCG-v1; 5;   -15.48; 0.000000;   21.599;   30.357;
1ah1-v03; YDPEYRNFWGCG-v1; 6;   -15.48; 0.000000;    2.507;    3.480;
1ah1-v03; YDPEYRNFWGCG-v1; 7;   -15.48; 0.000000;   21.856;   29.714;
1ah1-v03; YDPEYRNFWGCG-v1; 8;   -15.06; 0.000000;    2.344;    3.528;
1ah1-v03; YDPEYRNFWGCG-v1; 9;   -15.06; 0.000000;    2.363;    3.554;
1ah1-v04; YDPEYRNFWGCG-v1; 1;   116.73; 0.000000;    0.000;    0.000;
1ah1-v05; YDPEYRNFWGCG-v1; 1;    -2.51; 0.000000;    0.000;    0.000;
1ah1-v05; YDPEYRNFWGCG-v1; 2;    -1.67; 0.000000;    1.766;    4.833;
1ah1-v06; YDPEYRNFWGCG-v1; 1;   -26.36; 0.000000;    0.000;    0.000;
1ah1-v06; YDPEYRNFWGCG-v1; 2;   -26.36; 0.000000;    1.638;    2.418;
1ah1-v06; YDPEYRNFWGCG-v1; 3;   -25.52; 0.000000;    2.108;    3.104;
1ah1-v06; YDPEYRNFWGCG-v1; 4;   -25.10; 0.000000;   10.230;   15.515;
1ah1-v06; YDPEYRNFWGCG-v1; 5;   -25.10; 0.000000;    1.670;    2.509;
1ah1-v06; YDPEYRNFWGCG-v1; 6;   -24.69; 0.000000;    6.928;   14.114;
1ah1-v06; YDPEYRNFWGCG-v1; 7;   -23.85; 0.000000;   10.258;   15.464;
1ah1-v06; YDPEYRNFWGCG-v1; 8;   -23.85; 0.000000;    9.927;   15.464;
1ah1-v06; YDPEYRNFWGCG-v1; 9;   -23.43; 0.000000;   12.477;   20.636;
1ah1-v07; YDPEYRNFWGCG-v1; 1;   -23.01; 0.000000;    0.000;    0.000;
1ah1-v07; YDPEYRNFWGCG-v1; 2;   -23.01; 0.000000;    4.838;   14.216;
1ah1-v07; YDPEYRNFWGCG-v1; 3;   -22.59; 0.000000;    4.911;   14.117;
1ah1-v07; YDPEYRNFWGCG-v1; 4;   -22.18; 0.000000;    4.399;   13.964;
1ah1-v07; YDPEYRNFWGCG-v1; 5;   -22.18; 0.000000;    4.733;   12.743;
1ah1-v07; YDPEYRNFWGCG-v1; 6;   -21.76; 0.000000;    8.798;   15.917;
1ah1-v07; YDPEYRNFWGCG-v1; 7;   -21.76; 0.000000;   25.115;   30.578;
1ah1-v07; YDPEYRNFWGCG-v1; 8;   -21.34; 0.000000;   21.050;   27.753;
1ah1-v07; YDPEYRNFWGCG-v1; 9;   -21.34; 0.000000;    6.463;   12.298;
1ah1-v08; YDPEYRNFWGCG-v1; 1;   -21.34; 0.000000;    0.000;    0.000;
1ah1-v08; YDPEYRNFWGCG-v1; 2;   -20.92; 0.000000;   19.926;   27.271;
1ah1-v08; YDPEYRNFWGCG-v1; 3;   -20.08; 0.000000;    4.912;   14.438;
1ah1-v08; YDPEYRNFWGCG-v1; 4;   -20.08; 0.000000;    3.713;    7.048;
1ah1-v08; YDPEYRNFWGCG-v1; 5;   -19.66; 0.000000;    4.199;    7.554;
1ah1-v08; YDPEYRNFWGCG-v1; 6;   -19.66; 0.000000;    3.216;    6.359;
1ah1-v08; YDPEYRNFWGCG-v1; 7;   -19.66; 0.000000;    2.904;    7.045;
1ah1-v08; YDPEYRNFWGCG-v1; 8;   -19.66; 0.000000;    9.307;   18.665;
1ah1-v08; YDPEYRNFWGCG-v1; 9;   -19.66; 0.000000;   19.900;   27.283;
1ah1-v09; YDPEYRNFWGCG-v1; 1;   -20.50; 0.000000;    0.000;    0.000;
1ah1-v09; YDPEYRNFWGCG-v1; 2;   -20.08; 0.000000;    3.105;    6.886;
1ah1-v09; YDPEYRNFWGCG-v1; 3;   -19.25; 0.000000;    2.520;    3.779;
1ah1-v09; YDPEYRNFWGCG-v1; 4;   -19.25; 0.000000;    3.011;    7.577;
1ah1-v09; YDPEYRNFWGCG-v1; 5;   -18.83; 0.000000;    3.087;    8.520;
1ah1-v09; YDPEYRNFWGCG-v1; 6;   -18.83; 0.000000;    2.143;    3.598;
1ah1-v09; YDPEYRNFWGCG-v1; 7;   -18.83; 0.000000;    2.548;    4.738;
1ah1-v09; YDPEYRNFWGCG-v1; 8;   -18.41; 0.000000;   20.032;   26.804;
1ah1-v09; YDPEYRNFWGCG-v1; 9;   -17.99; 0.000000;    3.671;   10.032;
1ah1-v10; YDPEYRNFWGCG-v1; 1;   812.53; 0.000000;    0.000;    0.000;
1ah1-v11; YDPEYRNFWGCG-v1; 1;   -19.66; 0.000000;    0.000;    0.000;
1ah1-v11; YDPEYRNFWGCG-v1; 2;   -17.99; 0.000000;    2.868;    7.571;
1ah1-v11; YDPEYRNFWGCG-v1; 3;   -17.99; 0.000000;   13.706;   22.899;
1ah1-v11; YDPEYRNFWGCG-v1; 4;   -17.15; 0.000000;    3.119;    8.088;
1ah1-v11; YDPEYRNFWGCG-v1; 5;   -17.15; 0.000000;    2.467;    4.072;
1ah1-v11; YDPEYRNFWGCG-v1; 6;   -17.15; 0.000000;    2.874;    7.346;
1ah1-v11; YDPEYRNFWGCG-v1; 7;   -16.74; 0.000000;    2.915;    4.220;
1ah1-v11; YDPEYRNFWGCG-v1; 8;   -16.74; 0.000000;   25.435;   37.424;
1ah1-v11; YDPEYRNFWGCG-v1; 9;   -16.32; 0.000000;    3.928;   12.239;
1ah1-v12; YDPEYRNFWGCG-v1; 1;     3.35; 0.000000;    0.000;    0.000;
1ah1-v13; YDPEYRNFWGCG-v1; 1;   -18.41; 0.000000;    0.000;    0.000;
1ah1-v13; YDPEYRNFWGCG-v1; 2;   -17.99; 0.000000;    5.044;    9.026;
1ah1-v13; YDPEYRNFWGCG-v1; 3;   -17.57; 0.000000;    4.409;    8.449;
1ah1-v13; YDPEYRNFWGCG-v1; 4;   -17.15; 0.000000;   24.483;   32.483;
1ah1-v13; YDPEYRNFWGCG-v1; 5;   -16.74; 0.000000;    3.356;    5.998;
1ah1-v13; YDPEYRNFWGCG-v1; 6;   -16.32; 0.000000;   24.152;   32.680;
1ah1-v13; YDPEYRNFWGCG-v1; 7;   -16.32; 0.000000;   23.145;   31.918;
1ah1-v13; YDPEYRNFWGCG-v1; 8;   -15.06; 0.000000;    2.777;    5.043;
1ah1-v13; YDPEYRNFWGCG-v1; 9;   -15.06; 0.000000;    9.968;   19.031;
1ah1-v14; YDPEYRNFWGCG-v1; 1;   -22.59; 0.000000;    0.000;    0.000;
1ah1-v14; YDPEYRNFWGCG-v1; 2;   -22.59; 0.000000;    2.738;    6.222;
1ah1-v14; YDPEYRNFWGCG-v1; 3;   -22.18; 0.000000;    3.174;    6.871;
1ah1-v14; YDPEYRNFWGCG-v1; 4;   -21.34; 0.000000;    3.806;   14.659;
1ah1-v14; YDPEYRNFWGCG-v1; 5;   -20.50; 0.000000;    2.594;    6.235;
1ah1-v14; YDPEYRNFWGCG-v1; 6;   -20.08; 0.000000;    2.912;    6.612;
1ah1-v14; YDPEYRNFWGCG-v1; 7;   -20.08; 0.000000;    3.649;   14.962;
1ah1-v14; YDPEYRNFWGCG-v1; 8;   -19.66; 0.000000;    3.562;   14.980;
1ah1-v14; YDPEYRNFWGCG-v1; 9;   -19.25; 0.000000;    3.378;    6.717;
1ah1-v15; YDPEYRNFWGCG-v1; 1;   -25.10; 0.000000;    0.000;    0.000;
1ah1-v15; YDPEYRNFWGCG-v1; 2;   -24.27; 0.000000;    4.282;   11.380;
1ah1-v15; YDPEYRNFWGCG-v1; 3;   -24.27; 0.000000;    3.971;    7.920;
1ah1-v15; YDPEYRNFWGCG-v1; 4;   -23.43; 0.000000;   17.240;   26.043;
1ah1-v15; YDPEYRNFWGCG-v1; 5;   -23.43; 0.000000;   11.577;   18.013;
1ah1-v15; YDPEYRNFWGCG-v1; 6;   -23.43; 0.000000;    3.915;    7.885;
1ah1-v15; YDPEYRNFWGCG-v1; 7;   -23.01; 0.000000;   19.020;   27.887;
1ah1-v15; YDPEYRNFWGCG-v1; 8;   -22.59; 0.000000;    3.771;   10.802;
1ah1-v15; YDPEYRNFWGCG-v1; 9;   -22.18; 0.000000;   21.946;   29.023;
1ah1-v16; YDPEYRNFWGCG-v1; 1;   -21.76; 0.000000;    0.000;    0.000;
1ah1-v16; YDPEYRNFWGCG-v1; 2;   -21.76; 0.000000;    6.616;   15.910;
1ah1-v16; YDPEYRNFWGCG-v1; 3;   -21.34; 0.000000;   14.483;   23.283;
1ah1-v16; YDPEYRNFWGCG-v1; 4;   -20.92; 0.000000;    6.531;   15.836;
1ah1-v16; YDPEYRNFWGCG-v1; 5;   -20.50; 0.000000;    1.772;    2.431;
1ah1-v16; YDPEYRNFWGCG-v1; 6;   -19.66; 0.000000;    3.687;    7.638;
1ah1-v16; YDPEYRNFWGCG-v1; 7;   -19.66; 0.000000;   15.576;   24.232;
1ah1-v16; YDPEYRNFWGCG-v1; 8;   -18.41; 0.000000;   14.218;   22.807;
1ah1-v16; YDPEYRNFWGCG-v1; 9;   -18.41; 0.000000;    7.570;   14.613;
1ah1-v17; YDPEYRNFWGCG-v1; 1;   -23.01; 0.000000;    0.000;    0.000;
1ah1-v17; YDPEYRNFWGCG-v1; 2;   -23.01; 0.000000;    3.304;    8.983;
1ah1-v17; YDPEYRNFWGCG-v1; 3;   -22.59; 0.000000;    5.842;   11.907;
1ah1-v17; YDPEYRNFWGCG-v1; 4;   -22.59; 0.000000;    3.715;    8.387;
1ah1-v17; YDPEYRNFWGCG-v1; 5;   -22.18; 0.000000;    3.371;    7.755;
1ah1-v17; YDPEYRNFWGCG-v1; 6;   -22.18; 0.000000;    4.712;   14.011;
1ah1-v17; YDPEYRNFWGCG-v1; 7;   -22.18; 0.000000;    3.625;    7.818;
1ah1-v17; YDPEYRNFWGCG-v1; 8;   -21.76; 0.000000;    4.584;   11.837;
1ah1-v17; YDPEYRNFWGCG-v1; 9;   -21.34; 0.000000;    4.670;   11.292;
1ah1-v18; YDPEYRNFWGCG-v1; 1;   -15.06; 0.000000;    0.000;    0.000;
1ah1-v18; YDPEYRNFWGCG-v1; 2;   -14.64; 0.000000;   20.866;   31.752;
1ah1-v18; YDPEYRNFWGCG-v1; 3;   -14.64; 0.000000;   19.488;   27.409;
1ah1-v18; YDPEYRNFWGCG-v1; 4;   -14.23; 0.000000;   20.711;   31.707;
1ah1-v18; YDPEYRNFWGCG-v1; 5;   -13.81; 0.000000;   21.140;   31.952;
1ah1-v18; YDPEYRNFWGCG-v1; 6;   -12.97; 0.000000;   20.788;   30.002;
1ah1-v18; YDPEYRNFWGCG-v1; 7;   -12.55; 0.000000;    2.088;    3.072;
1ah1-v18; YDPEYRNFWGCG-v1; 8;   -12.13; 0.000000;   20.493;   28.985;
1ah1-v18; YDPEYRNFWGCG-v1; 9;   -12.13; 0.000000;   20.708;   28.305;
1ah1-v19; YDPEYRNFWGCG-v1; 1;   -17.57; 0.000000;    0.000;    0.000;
1ah1-v19; YDPEYRNFWGCG-v1; 2;   -17.15; 0.000000;    2.475;    3.711;
1ah1-v19; YDPEYRNFWGCG-v1; 3;   -17.15; 0.000000;    1.910;    2.761;
1ah1-v19; YDPEYRNFWGCG-v1; 4;   -15.48; 0.000000;    2.090;    3.350;
1ah1-v19; YDPEYRNFWGCG-v1; 5;   -15.48; 0.000000;    4.796;    9.564;
1ah1-v19; YDPEYRNFWGCG-v1; 6;   -15.48; 0.000000;    6.745;   12.893;
1ah1-v19; YDPEYRNFWGCG-v1; 7;   -15.48; 0.000000;    5.426;   14.409;
1ah1-v19; YDPEYRNFWGCG-v1; 8;   -15.06; 0.000000;    4.850;   13.293;
1ah1-v19; YDPEYRNFWGCG-v1; 9;   -15.06; 0.000000;    2.465;    3.645;
1ah1-v20; YDPEYRNFWGCG-v1; 1;    -7.53; 0.000000;    0.000;    0.000;
1ah1-v20; YDPEYRNFWGCG-v1; 2;    -6.28; 0.000000;    1.408;    2.089;
1ah1-v20; YDPEYRNFWGCG-v1; 3;    -6.28; 0.000000;   29.609;   40.529;
1ah1-v20; YDPEYRNFWGCG-v1; 4;    -6.28; 0.000000;    1.554;    2.355;
1ah1-v20; YDPEYRNFWGCG-v1; 5;    -5.44; 0.000000;    5.619;   18.784;
1ah1-v20; YDPEYRNFWGCG-v1; 6;    -4.18; 0.000000;    6.246;   18.735;
1ah1-v20; YDPEYRNFWGCG-v1; 7;    -2.93; 0.000000;   29.491;   40.572;
1ah1-v20; YDPEYRNFWGCG-v1; 8;    -2.09; 0.000000;    1.895;    2.422;
1ah1-v20; YDPEYRNFWGCG-v1; 9;     0.00; 0.000000;    5.720;   19.139;
