1ah1-v01;  YDPEYRNFWGCG-v1; 1;   -24.27; 0.001802;    0.000;    0.000;
1ah1-v01;  YDPEYRNFWGCG-v1; 2;   -20.50; 0.000393;    2.067;    2.772;
1ah1-v01;  YDPEYRNFWGCG-v1; 3;   -20.08; 0.000332;    2.805;    6.286;
1ah1-v01;  YDPEYRNFWGCG-v1; 4;   -20.08; 0.000332;    1.604;    2.520;
1ah1-v01;  YDPEYRNFWGCG-v1; 5;   -19.66; 0.000280;   19.494;   23.813;
1ah1-v01;  YDPEYRNFWGCG-v1; 6;   -19.25; 0.000237;    6.852;   16.313;
1ah1-v01;  YDPEYRNFWGCG-v1; 7;   -18.83; 0.000200;   18.817;   23.997;
1ah1-v01;  YDPEYRNFWGCG-v1; 8;   -18.83; 0.000200;   19.408;   23.931;
1ah1-v01;  YDPEYRNFWGCG-v1; 9;   -18.41; 0.000169;    6.489;   15.120;
1ah1-v02;  YDPEYRNFWGCG-v1; 1;   -27.20; 0.005883;    0.000;    0.000;
1ah1-v02;  YDPEYRNFWGCG-v1; 2;   -26.36; 0.004191;   23.547;   29.158;
1ah1-v02;  YDPEYRNFWGCG-v1; 3;   -25.94; 0.003537;   16.702;   23.065;
1ah1-v02;  YDPEYRNFWGCG-v1; 4;   -25.94; 0.003537;   18.469;   23.909;
1ah1-v02;  YDPEYRNFWGCG-v1; 5;   -25.94; 0.003537;   23.810;   29.097;
1ah1-v02;  YDPEYRNFWGCG-v1; 6;   -25.10; 0.002519;   18.329;   22.395;
1ah1-v02;  YDPEYRNFWGCG-v1; 7;   -25.10; 0.002519;   17.212;   23.940;
1ah1-v02;  YDPEYRNFWGCG-v1; 8;   -25.10; 0.002519;   19.638;   25.109;
1ah1-v02;  YDPEYRNFWGCG-v1; 9;   -25.10; 0.002519;   17.467;   24.881;
1ah1-v03;  YDPEYRNFWGCG-v1; 1;   -17.15; 0.000102;    0.000;    0.000;
1ah1-v03;  YDPEYRNFWGCG-v1; 2;   -16.74; 0.000086;    2.659;    4.075;
1ah1-v03;  YDPEYRNFWGCG-v1; 3;   -16.74; 0.000086;   25.171;   33.618;
1ah1-v03;  YDPEYRNFWGCG-v1; 4;   -16.32; 0.000073;    2.499;    3.449;
1ah1-v03;  YDPEYRNFWGCG-v1; 5;   -15.90; 0.000061;   26.494;   40.111;
1ah1-v03;  YDPEYRNFWGCG-v1; 6;   -15.48; 0.000052;   24.926;   34.826;
1ah1-v03;  YDPEYRNFWGCG-v1; 7;   -15.48; 0.000052;   25.957;   33.947;
1ah1-v03;  YDPEYRNFWGCG-v1; 8;   -15.06; 0.000044;   26.551;   38.807;
1ah1-v03;  YDPEYRNFWGCG-v1; 9;   -15.06; 0.000044;   23.788;   36.284;
1ah1-v04;  YDPEYRNFWGCG-v1; 1;  1240.97; 0.000000;    0.000;    0.000;
1ah1-v05;  YDPEYRNFWGCG-v1; 1;    -5.02; 0.000001;    0.000;    0.000;
1ah1-v06;  YDPEYRNFWGCG-v1; 1;   -22.59; 0.000914;    0.000;    0.000;
1ah1-v06;  YDPEYRNFWGCG-v1; 2;   -22.59; 0.000914;   16.662;   23.090;
1ah1-v06;  YDPEYRNFWGCG-v1; 3;   -22.59; 0.000914;   13.525;   22.686;
1ah1-v06;  YDPEYRNFWGCG-v1; 4;   -22.59; 0.000914;    4.037;    8.425;
1ah1-v06;  YDPEYRNFWGCG-v1; 5;   -22.18; 0.000775;   17.535;   27.434;
1ah1-v06;  YDPEYRNFWGCG-v1; 6;   -21.76; 0.000654;    3.565;   15.341;
1ah1-v06;  YDPEYRNFWGCG-v1; 7;   -21.76; 0.000654;    4.171;   14.602;
1ah1-v06;  YDPEYRNFWGCG-v1; 8;   -21.76; 0.000654;    1.431;    2.024;
1ah1-v06;  YDPEYRNFWGCG-v1; 9;   -21.34; 0.000552;    2.917;    7.234;
1ah1-v07;  YDPEYRNFWGCG-v1; 1;   -29.71; 0.016210;    0.000;    0.000;
1ah1-v07;  YDPEYRNFWGCG-v1; 2;   -28.45; 0.009746;   15.109;   23.071;
1ah1-v07;  YDPEYRNFWGCG-v1; 3;   -27.20; 0.005883;   12.908;   21.725;
1ah1-v07;  YDPEYRNFWGCG-v1; 4;   -27.20; 0.005883;   13.142;   21.596;
1ah1-v07;  YDPEYRNFWGCG-v1; 5;   -26.78; 0.004965;   17.006;   23.368;
1ah1-v07;  YDPEYRNFWGCG-v1; 6;   -26.78; 0.004965;   14.596;   22.104;
1ah1-v07;  YDPEYRNFWGCG-v1; 7;   -26.78; 0.004965;   13.455;   21.680;
1ah1-v07;  YDPEYRNFWGCG-v1; 8;   -26.36; 0.004191;    5.129;   10.702;
1ah1-v07;  YDPEYRNFWGCG-v1; 9;   -25.94; 0.003537;    5.624;   13.881;
1ah1-v08;  YDPEYRNFWGCG-v1; 1;   -19.25; 0.000237;    0.000;    0.000;
1ah1-v08;  YDPEYRNFWGCG-v1; 2;   -18.83; 0.000200;   26.015;   32.834;
1ah1-v08;  YDPEYRNFWGCG-v1; 3;   -18.83; 0.000200;   27.290;   34.844;
1ah1-v08;  YDPEYRNFWGCG-v1; 4;   -18.83; 0.000200;   17.131;   23.848;
1ah1-v08;  YDPEYRNFWGCG-v1; 5;   -18.83; 0.000200;   34.729;   40.688;
1ah1-v08;  YDPEYRNFWGCG-v1; 6;   -17.99; 0.000143;   24.340;   30.395;
1ah1-v08;  YDPEYRNFWGCG-v1; 7;   -17.99; 0.000143;    3.734;   10.083;
1ah1-v08;  YDPEYRNFWGCG-v1; 8;   -17.99; 0.000143;   10.035;   19.143;
1ah1-v08;  YDPEYRNFWGCG-v1; 9;   -17.99; 0.000143;    9.003;   18.105;
1ah1-v09;  YDPEYRNFWGCG-v1; 1;   -27.20; 0.005883;    0.000;    0.000;
1ah1-v09;  YDPEYRNFWGCG-v1; 2;   -26.36; 0.004191;    2.978;    3.957;
1ah1-v09;  YDPEYRNFWGCG-v1; 3;   -26.36; 0.004191;    2.526;    5.052;
1ah1-v09;  YDPEYRNFWGCG-v1; 4;   -26.36; 0.004191;    3.789;    8.337;
1ah1-v09;  YDPEYRNFWGCG-v1; 5;   -25.94; 0.003537;   12.140;   20.024;
1ah1-v09;  YDPEYRNFWGCG-v1; 6;   -25.94; 0.003537;   13.154;   18.122;
1ah1-v09;  YDPEYRNFWGCG-v1; 7;   -25.52; 0.002985;    8.405;   18.613;
1ah1-v09;  YDPEYRNFWGCG-v1; 8;   -25.10; 0.002519;    3.015;    5.510;
1ah1-v09;  YDPEYRNFWGCG-v1; 9;   -25.10; 0.002519;   11.570;   16.820;
1ah1-v10;  YDPEYRNFWGCG-v1; 1;   730.94; 0.000000;    0.000;    0.000;
1ah1-v11;  YDPEYRNFWGCG-v1; 1;   -20.08; 0.000332;    0.000;    0.000;
1ah1-v11;  YDPEYRNFWGCG-v1; 2;   -19.66; 0.000280;   10.945;   17.918;
1ah1-v11;  YDPEYRNFWGCG-v1; 3;   -19.25; 0.000237;   10.171;   17.714;
1ah1-v11;  YDPEYRNFWGCG-v1; 4;   -19.25; 0.000237;    7.467;   15.406;
1ah1-v11;  YDPEYRNFWGCG-v1; 5;   -18.83; 0.000200;   10.154;   18.264;
1ah1-v11;  YDPEYRNFWGCG-v1; 6;   -18.83; 0.000200;    2.338;    4.114;
1ah1-v11;  YDPEYRNFWGCG-v1; 7;   -17.99; 0.000143;   10.891;   19.011;
1ah1-v11;  YDPEYRNFWGCG-v1; 8;   -17.99; 0.000143;    9.771;   17.782;
1ah1-v11;  YDPEYRNFWGCG-v1; 9;   -17.99; 0.000143;    9.724;   18.110;
1ah1-v12;  YDPEYRNFWGCG-v1; 1;    13.81; 0.000000;    0.000;    0.000;
1ah1-v13;  YDPEYRNFWGCG-v1; 1;   -23.85; 0.001521;    0.000;    0.000;
1ah1-v13;  YDPEYRNFWGCG-v1; 2;   -23.01; 0.001083;    2.380;    3.924;
1ah1-v13;  YDPEYRNFWGCG-v1; 3;   -22.18; 0.000775;    2.105;    3.008;
1ah1-v13;  YDPEYRNFWGCG-v1; 4;   -20.50; 0.000393;    6.457;   15.676;
1ah1-v13;  YDPEYRNFWGCG-v1; 5;   -20.08; 0.000332;    2.406;    3.343;
1ah1-v13;  YDPEYRNFWGCG-v1; 6;   -19.25; 0.000237;    1.901;    2.826;
1ah1-v13;  YDPEYRNFWGCG-v1; 7;   -18.41; 0.000169;    6.225;   14.715;
1ah1-v13;  YDPEYRNFWGCG-v1; 8;   -17.99; 0.000143;    7.061;   14.872;
1ah1-v13;  YDPEYRNFWGCG-v1; 9;   -17.57; 0.000120;    7.051;   15.058;
1ah1-v14;  YDPEYRNFWGCG-v1; 1;   -23.85; 0.001521;    0.000;    0.000;
1ah1-v14;  YDPEYRNFWGCG-v1; 2;   -23.01; 0.001083;    2.991;    6.564;
1ah1-v14;  YDPEYRNFWGCG-v1; 3;   -23.01; 0.001083;    2.274;    5.400;
1ah1-v14;  YDPEYRNFWGCG-v1; 4;   -22.59; 0.000914;    2.578;    6.193;
1ah1-v14;  YDPEYRNFWGCG-v1; 5;   -22.59; 0.000914;    2.855;    8.942;
1ah1-v14;  YDPEYRNFWGCG-v1; 6;   -22.59; 0.000914;    3.150;    8.484;
1ah1-v14;  YDPEYRNFWGCG-v1; 7;   -22.18; 0.000775;    3.113;    6.519;
1ah1-v14;  YDPEYRNFWGCG-v1; 8;   -22.18; 0.000775;    3.027;    8.853;
1ah1-v14;  YDPEYRNFWGCG-v1; 9;   -22.18; 0.000775;    2.818;    6.050;
1ah1-v15;  YDPEYRNFWGCG-v1; 1;   -24.69; 0.002135;    0.000;    0.000;
1ah1-v15;  YDPEYRNFWGCG-v1; 2;   -24.27; 0.001802;   15.741;   24.835;
1ah1-v15;  YDPEYRNFWGCG-v1; 3;   -23.43; 0.001284;   15.455;   24.282;
1ah1-v15;  YDPEYRNFWGCG-v1; 4;   -22.18; 0.000775;   15.886;   25.605;
1ah1-v15;  YDPEYRNFWGCG-v1; 5;   -22.18; 0.000775;   15.177;   21.906;
1ah1-v15;  YDPEYRNFWGCG-v1; 6;   -22.18; 0.000775;    3.388;    7.841;
1ah1-v15;  YDPEYRNFWGCG-v1; 7;   -22.18; 0.000775;    2.864;    4.703;
1ah1-v15;  YDPEYRNFWGCG-v1; 8;   -22.18; 0.000775;    3.260;    9.784;
1ah1-v15;  YDPEYRNFWGCG-v1; 9;   -22.18; 0.000775;   18.763;   26.377;
1ah1-v16;  YDPEYRNFWGCG-v1; 1;   -22.59; 0.000914;    0.000;    0.000;
1ah1-v16;  YDPEYRNFWGCG-v1; 2;   -20.92; 0.000466;    3.146;    5.145;
1ah1-v16;  YDPEYRNFWGCG-v1; 3;   -20.50; 0.000393;    2.205;    3.363;
1ah1-v16;  YDPEYRNFWGCG-v1; 4;   -20.50; 0.000393;    2.882;    5.093;
1ah1-v16;  YDPEYRNFWGCG-v1; 5;   -19.25; 0.000237;    2.944;    5.499;
1ah1-v16;  YDPEYRNFWGCG-v1; 6;   -18.83; 0.000200;    3.255;    6.595;
1ah1-v16;  YDPEYRNFWGCG-v1; 7;   -18.41; 0.000169;    7.063;   12.139;
1ah1-v16;  YDPEYRNFWGCG-v1; 8;   -17.99; 0.000143;    3.888;   18.639;
1ah1-v16;  YDPEYRNFWGCG-v1; 9;   -17.57; 0.000120;    2.775;    5.416;
1ah1-v17;  YDPEYRNFWGCG-v1; 1;   -25.94; 0.003537;    0.000;    0.000;
1ah1-v17;  YDPEYRNFWGCG-v1; 2;   -25.10; 0.002519;    4.679;   11.986;
1ah1-v17;  YDPEYRNFWGCG-v1; 3;   -24.69; 0.002135;    6.539;   13.897;
1ah1-v17;  YDPEYRNFWGCG-v1; 4;   -24.27; 0.001802;    4.215;    9.539;
1ah1-v17;  YDPEYRNFWGCG-v1; 5;   -24.27; 0.001802;    1.635;    2.181;
1ah1-v17;  YDPEYRNFWGCG-v1; 6;   -23.85; 0.001521;    2.638;    6.073;
1ah1-v17;  YDPEYRNFWGCG-v1; 7;   -23.43; 0.001284;    3.816;   16.322;
1ah1-v17;  YDPEYRNFWGCG-v1; 8;   -23.43; 0.001284;   25.712;   35.263;
1ah1-v17;  YDPEYRNFWGCG-v1; 9;   -23.01; 0.001083;    5.174;   15.577;
1ah1-v18;  YDPEYRNFWGCG-v1; 1;   -13.39; 0.000022;    0.000;    0.000;
1ah1-v18;  YDPEYRNFWGCG-v1; 2;   -12.97; 0.000019;    4.572;   18.660;
1ah1-v18;  YDPEYRNFWGCG-v1; 3;   -12.97; 0.000019;    1.807;    2.412;
1ah1-v18;  YDPEYRNFWGCG-v1; 4;   -11.30; 0.000010;    4.994;   19.447;
1ah1-v18;  YDPEYRNFWGCG-v1; 5;   -10.88; 0.000008;    5.008;   19.329;
1ah1-v18;  YDPEYRNFWGCG-v1; 6;   -10.46; 0.000007;   11.056;   21.569;
1ah1-v18;  YDPEYRNFWGCG-v1; 7;    -9.62; 0.000005;    2.665;    3.669;
1ah1-v18;  YDPEYRNFWGCG-v1; 8;    -9.62; 0.000005;   11.105;   21.371;
1ah1-v18;  YDPEYRNFWGCG-v1; 9;    -9.20; 0.000004;   10.888;   20.180;
1ah1-v19;  YDPEYRNFWGCG-v1; 1;   -24.27; 0.001802;    0.000;    0.000;
1ah1-v19;  YDPEYRNFWGCG-v1; 2;   -23.85; 0.001521;    2.214;    3.637;
1ah1-v19;  YDPEYRNFWGCG-v1; 3;   -22.18; 0.000775;    3.776;    7.258;
1ah1-v19;  YDPEYRNFWGCG-v1; 4;   -21.76; 0.000654;    4.309;    7.784;
1ah1-v19;  YDPEYRNFWGCG-v1; 5;   -21.76; 0.000654;   24.414;   32.292;
1ah1-v19;  YDPEYRNFWGCG-v1; 6;   -21.34; 0.000552;    3.532;    7.383;
1ah1-v19;  YDPEYRNFWGCG-v1; 7;   -21.34; 0.000552;   24.325;   33.790;
1ah1-v19;  YDPEYRNFWGCG-v1; 8;   -20.92; 0.000466;   24.663;   30.828;
1ah1-v19;  YDPEYRNFWGCG-v1; 9;   -20.50; 0.000393;    3.979;    7.963;
1ah1-v20;  YDPEYRNFWGCG-v1; 1;    -7.53; 0.000002;    0.000;    0.000;
1ah1-v20;  YDPEYRNFWGCG-v1; 2;    -7.11; 0.000002;    5.701;   22.701;
1ah1-v20;  YDPEYRNFWGCG-v1; 3;    -7.11; 0.000002;    6.642;   22.685;
1ah1-v20;  YDPEYRNFWGCG-v1; 4;    -5.44; 0.000001;    2.542;    3.512;
1ah1-v20;  YDPEYRNFWGCG-v1; 5;    -5.44; 0.000001;    5.637;   20.370;
1ah1-v20;  YDPEYRNFWGCG-v1; 6;    -3.77; 0.000000;    5.183;   21.312;
1ah1-v20;  YDPEYRNFWGCG-v1; 7;    -3.77; 0.000000;   14.801;   29.985;
1ah1-v20;  YDPEYRNFWGCG-v1; 8;    -1.67; 0.000000;   15.733;   29.452;
1ah1-v20;  YDPEYRNFWGCG-v1; 9;    -1.67; 0.000000;    5.388;   20.630;
1ah1-v01;  YDPEYRNFWGCG-v1; 1;   -27.20; 0.005883;    0.000;    0.000;
1ah1-v01;  YDPEYRNFWGCG-v1; 2;   -24.69; 0.002135;    8.427;   17.767;
1ah1-v01;  YDPEYRNFWGCG-v1; 3;   -24.27; 0.001802;   24.333;   32.460;
1ah1-v01;  YDPEYRNFWGCG-v1; 4;   -23.85; 0.001521;   30.035;   39.871;
1ah1-v01;  YDPEYRNFWGCG-v1; 5;   -23.85; 0.001521;   26.576;   34.370;
1ah1-v01;  YDPEYRNFWGCG-v1; 6;   -23.85; 0.001521;    8.605;   17.403;
1ah1-v01;  YDPEYRNFWGCG-v1; 7;   -23.85; 0.001521;   30.064;   40.169;
1ah1-v01;  YDPEYRNFWGCG-v1; 8;   -23.43; 0.001284;    1.624;    1.986;
1ah1-v01;  YDPEYRNFWGCG-v1; 9;   -23.43; 0.001284;    1.781;    2.691;
1ah1-v02;  YDPEYRNFWGCG-v1; 1;   -29.29; 0.013681;    0.000;    0.000;
1ah1-v02;  YDPEYRNFWGCG-v1; 2;   -28.87; 0.011547;    4.463;   13.490;
1ah1-v02;  YDPEYRNFWGCG-v1; 3;   -27.20; 0.005883;   15.708;   21.691;
1ah1-v02;  YDPEYRNFWGCG-v1; 4;   -27.20; 0.005883;    4.569;   14.225;
1ah1-v02;  YDPEYRNFWGCG-v1; 5;   -27.20; 0.005883;    4.762;   14.652;
1ah1-v02;  YDPEYRNFWGCG-v1; 6;   -26.78; 0.004965;    7.744;   20.102;
1ah1-v02;  YDPEYRNFWGCG-v1; 7;   -26.78; 0.004965;   14.823;   21.919;
1ah1-v02;  YDPEYRNFWGCG-v1; 8;   -26.78; 0.004965;    6.690;   13.983;
1ah1-v02;  YDPEYRNFWGCG-v1; 9;   -26.78; 0.004965;    5.338;   13.768;
1ah1-v03;  YDPEYRNFWGCG-v1; 1;   -17.57; 0.000120;    0.000;    0.000;
1ah1-v03;  YDPEYRNFWGCG-v1; 2;   -15.90; 0.000061;   20.433;   27.796;
1ah1-v03;  YDPEYRNFWGCG-v1; 3;   -15.90; 0.000061;   20.198;   27.418;
1ah1-v03;  YDPEYRNFWGCG-v1; 4;   -15.90; 0.000061;   27.043;   39.612;
1ah1-v03;  YDPEYRNFWGCG-v1; 5;   -15.48; 0.000052;   19.917;   27.009;
1ah1-v03;  YDPEYRNFWGCG-v1; 6;   -15.48; 0.000052;    4.409;   14.593;
1ah1-v03;  YDPEYRNFWGCG-v1; 7;   -15.48; 0.000052;   20.412;   27.601;
1ah1-v03;  YDPEYRNFWGCG-v1; 8;   -15.48; 0.000052;   26.656;   39.270;
1ah1-v03;  YDPEYRNFWGCG-v1; 9;   -15.06; 0.000044;   19.892;   26.916;
1ah1-v04;  YDPEYRNFWGCG-v1; 1;  1024.24; 0.000000;    0.000;    0.000;
1ah1-v05;  YDPEYRNFWGCG-v1; 1;    -4.18; 0.000001;    0.000;    0.000;
1ah1-v05;  YDPEYRNFWGCG-v1; 2;     5.02; 0.000000;    4.582;    8.809;
1ah1-v06;  YDPEYRNFWGCG-v1; 1;   -19.25; 0.000237;    0.000;    0.000;
1ah1-v06;  YDPEYRNFWGCG-v1; 2;   -18.83; 0.000200;   16.471;   24.728;
1ah1-v06;  YDPEYRNFWGCG-v1; 3;   -18.83; 0.000200;   17.339;   25.367;
1ah1-v06;  YDPEYRNFWGCG-v1; 4;   -18.83; 0.000200;    2.162;    3.574;
1ah1-v06;  YDPEYRNFWGCG-v1; 5;   -17.99; 0.000143;    1.554;    2.701;
1ah1-v06;  YDPEYRNFWGCG-v1; 6;   -17.57; 0.000120;   18.417;   25.425;
1ah1-v06;  YDPEYRNFWGCG-v1; 7;   -17.57; 0.000120;   13.298;   21.981;
1ah1-v06;  YDPEYRNFWGCG-v1; 8;   -17.57; 0.000120;   13.815;   20.142;
1ah1-v06;  YDPEYRNFWGCG-v1; 9;   -17.57; 0.000120;   17.494;   25.641;
1ah1-v07;  YDPEYRNFWGCG-v1; 1;   -21.34; 0.000552;    0.000;    0.000;
1ah1-v07;  YDPEYRNFWGCG-v1; 2;   -21.34; 0.000552;    5.281;   10.950;
1ah1-v07;  YDPEYRNFWGCG-v1; 3;   -21.34; 0.000552;    6.489;   13.293;
1ah1-v07;  YDPEYRNFWGCG-v1; 4;   -20.92; 0.000466;    9.727;   21.087;
1ah1-v07;  YDPEYRNFWGCG-v1; 5;   -20.92; 0.000466;    3.874;   12.882;
1ah1-v07;  YDPEYRNFWGCG-v1; 6;   -20.50; 0.000393;    6.682;   13.193;
1ah1-v07;  YDPEYRNFWGCG-v1; 7;   -20.50; 0.000393;    3.137;    8.573;
1ah1-v07;  YDPEYRNFWGCG-v1; 8;   -20.08; 0.000332;   18.579;   24.514;
1ah1-v07;  YDPEYRNFWGCG-v1; 9;   -20.08; 0.000332;    4.277;   11.905;
1ah1-v08;  YDPEYRNFWGCG-v1; 1;   -22.59; 0.000914;    0.000;    0.000;
1ah1-v08;  YDPEYRNFWGCG-v1; 2;   -22.18; 0.000775;    4.044;   18.591;
1ah1-v08;  YDPEYRNFWGCG-v1; 3;   -22.18; 0.000775;    8.263;   23.235;
1ah1-v08;  YDPEYRNFWGCG-v1; 4;   -22.18; 0.000775;    9.314;   23.920;
1ah1-v08;  YDPEYRNFWGCG-v1; 5;   -21.76; 0.000654;    8.207;   21.480;
1ah1-v08;  YDPEYRNFWGCG-v1; 6;   -21.76; 0.000654;    3.476;   18.402;
1ah1-v08;  YDPEYRNFWGCG-v1; 7;   -21.76; 0.000654;    3.748;   18.111;
1ah1-v08;  YDPEYRNFWGCG-v1; 8;   -21.76; 0.000654;    6.760;   14.232;
1ah1-v08;  YDPEYRNFWGCG-v1; 9;   -21.76; 0.000654;   16.117;   25.591;
1ah1-v09;  YDPEYRNFWGCG-v1; 1;   -25.94; 0.003537;    0.000;    0.000;
1ah1-v09;  YDPEYRNFWGCG-v1; 2;   -25.94; 0.003537;   21.083;   26.028;
1ah1-v09;  YDPEYRNFWGCG-v1; 3;   -25.52; 0.002985;   20.181;   25.648;
1ah1-v09;  YDPEYRNFWGCG-v1; 4;   -25.52; 0.002985;   20.304;   24.699;
1ah1-v09;  YDPEYRNFWGCG-v1; 5;   -25.52; 0.002985;   18.498;   22.788;
1ah1-v09;  YDPEYRNFWGCG-v1; 6;   -25.52; 0.002985;   19.287;   24.857;
1ah1-v09;  YDPEYRNFWGCG-v1; 7;   -24.69; 0.002135;   19.935;   25.423;
1ah1-v09;  YDPEYRNFWGCG-v1; 8;   -24.69; 0.002135;   12.644;   16.747;
1ah1-v09;  YDPEYRNFWGCG-v1; 9;   -24.69; 0.002135;    2.398;    3.988;
1ah1-v11;  YDPEYRNFWGCG-v1; 1;   -24.27; 0.001802;    0.000;    0.000;
1ah1-v11;  YDPEYRNFWGCG-v1; 2;   -24.27; 0.001802;    1.701;    2.430;
1ah1-v11;  YDPEYRNFWGCG-v1; 3;   -23.85; 0.001521;    4.568;   12.882;
1ah1-v11;  YDPEYRNFWGCG-v1; 4;   -23.43; 0.001284;    2.905;    5.010;
1ah1-v11;  YDPEYRNFWGCG-v1; 5;   -23.01; 0.001083;   28.556;   36.567;
1ah1-v11;  YDPEYRNFWGCG-v1; 6;   -22.59; 0.000914;    2.511;    5.025;
1ah1-v11;  YDPEYRNFWGCG-v1; 7;   -22.18; 0.000775;    2.999;    6.776;
1ah1-v11;  YDPEYRNFWGCG-v1; 8;   -22.18; 0.000775;    4.676;   13.177;
1ah1-v11;  YDPEYRNFWGCG-v1; 9;   -21.76; 0.000654;    6.288;   13.821;
1ah1-v12;  YDPEYRNFWGCG-v1; 1;   127.19; 0.000000;    0.000;    0.000;
1ah1-v13;  YDPEYRNFWGCG-v1; 1;   -19.66; 0.000280;    0.000;    0.000;
1ah1-v13;  YDPEYRNFWGCG-v1; 2;   -19.25; 0.000237;    1.669;    2.280;
1ah1-v13;  YDPEYRNFWGCG-v1; 3;   -18.83; 0.000200;    2.210;    2.814;
1ah1-v13;  YDPEYRNFWGCG-v1; 4;   -17.15; 0.000102;    2.148;    2.816;
1ah1-v13;  YDPEYRNFWGCG-v1; 5;   -17.15; 0.000102;    7.078;   16.781;
1ah1-v13;  YDPEYRNFWGCG-v1; 6;   -16.32; 0.000073;    8.542;   17.653;
1ah1-v13;  YDPEYRNFWGCG-v1; 7;   -15.90; 0.000061;    4.057;    9.075;
1ah1-v13;  YDPEYRNFWGCG-v1; 8;   -15.90; 0.000061;    2.291;    3.135;
1ah1-v13;  YDPEYRNFWGCG-v1; 9;   -15.06; 0.000044;    8.148;   16.875;
1ah1-v14;  YDPEYRNFWGCG-v1; 1;   -22.59; 0.000914;    0.000;    0.000;
1ah1-v14;  YDPEYRNFWGCG-v1; 2;   -22.59; 0.000914;    3.662;   17.344;
1ah1-v14;  YDPEYRNFWGCG-v1; 3;   -21.76; 0.000654;    3.961;   15.034;
1ah1-v14;  YDPEYRNFWGCG-v1; 4;   -21.76; 0.000654;    3.843;   15.231;
1ah1-v14;  YDPEYRNFWGCG-v1; 5;   -21.34; 0.000552;   18.907;   28.857;
1ah1-v14;  YDPEYRNFWGCG-v1; 6;   -21.34; 0.000552;    4.507;   14.161;
1ah1-v14;  YDPEYRNFWGCG-v1; 7;   -20.92; 0.000466;    4.057;   15.219;
1ah1-v14;  YDPEYRNFWGCG-v1; 8;   -20.92; 0.000466;    4.057;   14.791;
1ah1-v14;  YDPEYRNFWGCG-v1; 9;   -20.50; 0.000393;    3.615;   17.138;
1ah1-v15;  YDPEYRNFWGCG-v1; 1;   -26.36; 0.004191;    0.000;    0.000;
1ah1-v15;  YDPEYRNFWGCG-v1; 2;   -24.27; 0.001802;    1.251;    2.120;
1ah1-v15;  YDPEYRNFWGCG-v1; 3;   -23.43; 0.001284;    4.327;   11.589;
1ah1-v15;  YDPEYRNFWGCG-v1; 4;   -23.43; 0.001284;   16.126;   24.826;
1ah1-v15;  YDPEYRNFWGCG-v1; 5;   -23.01; 0.001083;   15.988;   24.931;
1ah1-v15;  YDPEYRNFWGCG-v1; 6;   -23.01; 0.001083;    2.881;    7.175;
1ah1-v15;  YDPEYRNFWGCG-v1; 7;   -22.59; 0.000914;   15.695;   24.649;
1ah1-v15;  YDPEYRNFWGCG-v1; 8;   -22.59; 0.000914;    4.168;   11.638;
1ah1-v15;  YDPEYRNFWGCG-v1; 9;   -22.18; 0.000775;   20.392;   27.508;
1ah1-v16;  YDPEYRNFWGCG-v1; 1;   -22.59; 0.000914;    0.000;    0.000;
1ah1-v16;  YDPEYRNFWGCG-v1; 2;   -22.18; 0.000775;    4.310;    8.434;
1ah1-v16;  YDPEYRNFWGCG-v1; 3;   -21.76; 0.000654;    3.964;   19.639;
1ah1-v16;  YDPEYRNFWGCG-v1; 4;   -19.25; 0.000237;    5.032;    9.866;
1ah1-v16;  YDPEYRNFWGCG-v1; 5;   -19.25; 0.000237;    8.165;   13.515;
1ah1-v16;  YDPEYRNFWGCG-v1; 6;   -19.25; 0.000237;    9.266;   16.346;
1ah1-v16;  YDPEYRNFWGCG-v1; 7;   -18.83; 0.000200;    4.328;   19.120;
1ah1-v16;  YDPEYRNFWGCG-v1; 8;   -18.41; 0.000169;    9.423;   16.964;
1ah1-v16;  YDPEYRNFWGCG-v1; 9;   -18.41; 0.000169;   17.386;   26.210;
1ah1-v17;  YDPEYRNFWGCG-v1; 1;   -26.36; 0.004191;    0.000;    0.000;
1ah1-v17;  YDPEYRNFWGCG-v1; 2;   -25.10; 0.002519;    1.646;    2.241;
1ah1-v17;  YDPEYRNFWGCG-v1; 3;   -25.10; 0.002519;    4.477;   11.595;
1ah1-v17;  YDPEYRNFWGCG-v1; 4;   -24.69; 0.002135;    1.849;    2.511;
1ah1-v17;  YDPEYRNFWGCG-v1; 5;   -24.27; 0.001802;    1.788;    2.430;
1ah1-v17;  YDPEYRNFWGCG-v1; 6;   -24.27; 0.001802;    3.406;   12.727;
1ah1-v17;  YDPEYRNFWGCG-v1; 7;   -24.27; 0.001802;    2.158;    4.964;
1ah1-v17;  YDPEYRNFWGCG-v1; 8;   -24.27; 0.001802;    3.070;   15.217;
1ah1-v17;  YDPEYRNFWGCG-v1; 9;   -23.85; 0.001521;    4.301;   12.047;
1ah1-v18;  YDPEYRNFWGCG-v1; 1;   -12.55; 0.000016;    0.000;    0.000;
1ah1-v18;  YDPEYRNFWGCG-v1; 2;   -10.04; 0.000006;    1.617;    2.075;
1ah1-v18;  YDPEYRNFWGCG-v1; 3;    -8.79; 0.000003;   18.711;   24.517;
1ah1-v18;  YDPEYRNFWGCG-v1; 4;    -8.37; 0.000003;    2.082;    2.602;
1ah1-v18;  YDPEYRNFWGCG-v1; 5;    -8.37; 0.000003;    1.777;    2.476;
1ah1-v18;  YDPEYRNFWGCG-v1; 6;    -8.37; 0.000003;   17.592;   25.655;
1ah1-v18;  YDPEYRNFWGCG-v1; 7;    -7.95; 0.000002;   17.671;   25.499;
1ah1-v18;  YDPEYRNFWGCG-v1; 8;    -7.95; 0.000002;   26.356;   34.352;
1ah1-v18;  YDPEYRNFWGCG-v1; 9;    -7.53; 0.000002;   18.459;   24.239;
1ah1-v19;  YDPEYRNFWGCG-v1; 1;   -19.25; 0.000237;    0.000;    0.000;
1ah1-v19;  YDPEYRNFWGCG-v1; 2;   -17.99; 0.000143;    4.028;    9.653;
1ah1-v19;  YDPEYRNFWGCG-v1; 3;   -17.99; 0.000143;   21.737;   28.308;
1ah1-v19;  YDPEYRNFWGCG-v1; 4;   -17.57; 0.000120;    6.335;   14.305;
1ah1-v19;  YDPEYRNFWGCG-v1; 5;   -17.15; 0.000102;   20.616;   27.813;
1ah1-v19;  YDPEYRNFWGCG-v1; 6;   -17.15; 0.000102;   20.407;   27.389;
1ah1-v19;  YDPEYRNFWGCG-v1; 7;   -16.74; 0.000086;    6.424;   14.253;
1ah1-v19;  YDPEYRNFWGCG-v1; 8;   -16.74; 0.000086;   24.233;   31.986;
1ah1-v19;  YDPEYRNFWGCG-v1; 9;   -16.74; 0.000086;   24.136;   31.911;
1ah1-v20;  YDPEYRNFWGCG-v1; 1;    -8.79; 0.000003;    0.000;    0.000;
1ah1-v20;  YDPEYRNFWGCG-v1; 2;    -8.37; 0.000003;   12.312;   19.504;
1ah1-v20;  YDPEYRNFWGCG-v1; 3;    -7.95; 0.000002;   18.766;   31.442;
1ah1-v20;  YDPEYRNFWGCG-v1; 4;    -7.95; 0.000002;   12.607;   21.015;
1ah1-v20;  YDPEYRNFWGCG-v1; 5;    -7.11; 0.000002;   12.710;   20.184;
1ah1-v20;  YDPEYRNFWGCG-v1; 6;    -6.69; 0.000001;    3.347;    8.417;
1ah1-v20;  YDPEYRNFWGCG-v1; 7;    -6.28; 0.000001;   24.317;   33.763;
1ah1-v20;  YDPEYRNFWGCG-v1; 8;    -6.28; 0.000001;   12.429;   20.755;
1ah1-v20;  YDPEYRNFWGCG-v1; 9;    -5.86; 0.000001;   24.638;   33.931;
1ah1-v01;  YDPEYRNFWGCG-v1; 1;   -27.20; 0.005883;    0.000;    0.000;
1ah1-v01;  YDPEYRNFWGCG-v1; 2;   -25.52; 0.002985;   25.014;   33.759;
1ah1-v01;  YDPEYRNFWGCG-v1; 3;   -25.10; 0.002519;   23.087;   32.658;
1ah1-v01;  YDPEYRNFWGCG-v1; 4;   -24.69; 0.002135;   23.522;   30.988;
1ah1-v01;  YDPEYRNFWGCG-v1; 5;   -24.69; 0.002135;   26.295;   35.739;
1ah1-v01;  YDPEYRNFWGCG-v1; 6;   -24.27; 0.001802;   23.476;   33.400;
1ah1-v01;  YDPEYRNFWGCG-v1; 7;   -24.27; 0.001802;   24.831;   33.934;
1ah1-v01;  YDPEYRNFWGCG-v1; 8;   -23.85; 0.001521;   23.816;   31.204;
1ah1-v01;  YDPEYRNFWGCG-v1; 9;   -23.85; 0.001521;   25.633;   34.925;
1ah1-v02;  YDPEYRNFWGCG-v1; 1;   -21.34; 0.000552;    0.000;    0.000;
1ah1-v02;  YDPEYRNFWGCG-v1; 2;   -21.34; 0.000552;   15.826;   23.095;
1ah1-v02;  YDPEYRNFWGCG-v1; 3;   -20.50; 0.000393;   17.179;   24.003;
1ah1-v02;  YDPEYRNFWGCG-v1; 4;   -20.08; 0.000332;    1.714;    2.324;
1ah1-v02;  YDPEYRNFWGCG-v1; 5;   -20.08; 0.000332;    3.585;   13.570;
1ah1-v02;  YDPEYRNFWGCG-v1; 6;   -19.66; 0.000280;   19.241;   25.732;
1ah1-v02;  YDPEYRNFWGCG-v1; 7;   -19.66; 0.000280;    5.140;   11.149;
1ah1-v02;  YDPEYRNFWGCG-v1; 8;   -19.66; 0.000280;   19.430;   24.103;
1ah1-v02;  YDPEYRNFWGCG-v1; 9;   -19.66; 0.000280;    4.944;   11.564;
1ah1-v03;  YDPEYRNFWGCG-v1; 1;   -15.06; 0.000044;    0.000;    0.000;
1ah1-v03;  YDPEYRNFWGCG-v1; 2;   -15.06; 0.000044;    5.324;   11.486;
1ah1-v03;  YDPEYRNFWGCG-v1; 3;   -14.23; 0.000031;    5.240;   11.468;
1ah1-v03;  YDPEYRNFWGCG-v1; 4;   -13.39; 0.000022;    6.484;   12.727;
1ah1-v03;  YDPEYRNFWGCG-v1; 5;   -12.55; 0.000016;    2.489;    3.908;
1ah1-v03;  YDPEYRNFWGCG-v1; 6;   -11.72; 0.000011;    7.513;   16.304;
1ah1-v03;  YDPEYRNFWGCG-v1; 7;   -11.72; 0.000011;    1.818;    2.953;
1ah1-v03;  YDPEYRNFWGCG-v1; 8;   -11.30; 0.000010;    2.058;    3.078;
1ah1-v03;  YDPEYRNFWGCG-v1; 9;   -10.88; 0.000008;    6.482;   13.655;
1ah1-v04;  YDPEYRNFWGCG-v1; 1;    57.74; 0.000000;    0.000;    0.000;
1ah1-v04;  YDPEYRNFWGCG-v1; 2;    69.45; 0.000000;    1.590;    2.680;
1ah1-v05;  YDPEYRNFWGCG-v1; 1;    -7.11; 0.000002;    0.000;    0.000;
1ah1-v06;  YDPEYRNFWGCG-v1; 1;   -21.34; 0.000552;    0.000;    0.000;
1ah1-v06;  YDPEYRNFWGCG-v1; 2;   -20.08; 0.000332;   10.515;   18.534;
1ah1-v06;  YDPEYRNFWGCG-v1; 3;   -20.08; 0.000332;    1.886;    2.642;
1ah1-v06;  YDPEYRNFWGCG-v1; 4;   -19.66; 0.000280;   16.996;   23.959;
1ah1-v06;  YDPEYRNFWGCG-v1; 5;   -19.66; 0.000280;   10.412;   18.615;
1ah1-v06;  YDPEYRNFWGCG-v1; 6;   -19.66; 0.000280;   16.730;   23.438;
1ah1-v06;  YDPEYRNFWGCG-v1; 7;   -19.66; 0.000280;   17.232;   23.467;
1ah1-v06;  YDPEYRNFWGCG-v1; 8;   -19.66; 0.000280;    3.727;    9.804;
1ah1-v06;  YDPEYRNFWGCG-v1; 9;   -19.25; 0.000237;   11.624;   19.482;
1ah1-v07;  YDPEYRNFWGCG-v1; 1;   -28.45; 0.009746;    0.000;    0.000;
1ah1-v07;  YDPEYRNFWGCG-v1; 2;   -28.03; 0.008225;    7.134;   13.691;
1ah1-v07;  YDPEYRNFWGCG-v1; 3;   -27.61; 0.006942;    5.842;   11.787;
1ah1-v07;  YDPEYRNFWGCG-v1; 4;   -27.61; 0.006942;   21.188;   25.338;
1ah1-v07;  YDPEYRNFWGCG-v1; 5;   -27.20; 0.005883;    3.902;   13.840;
1ah1-v07;  YDPEYRNFWGCG-v1; 6;   -27.20; 0.005883;    5.796;   18.111;
1ah1-v07;  YDPEYRNFWGCG-v1; 7;   -26.78; 0.004965;   22.202;   27.457;
1ah1-v07;  YDPEYRNFWGCG-v1; 8;   -26.78; 0.004965;   18.111;   24.672;
1ah1-v07;  YDPEYRNFWGCG-v1; 9;   -26.78; 0.004965;    3.918;   17.418;
1ah1-v08;  YDPEYRNFWGCG-v1; 1;   -26.36; 0.004191;    0.000;    0.000;
1ah1-v08;  YDPEYRNFWGCG-v1; 2;   -24.27; 0.001802;    1.768;    2.485;
1ah1-v08;  YDPEYRNFWGCG-v1; 3;   -23.85; 0.001521;    2.785;    4.910;
1ah1-v08;  YDPEYRNFWGCG-v1; 4;   -23.85; 0.001521;    2.289;    4.301;
1ah1-v08;  YDPEYRNFWGCG-v1; 5;   -23.01; 0.001083;   25.823;   33.949;
1ah1-v08;  YDPEYRNFWGCG-v1; 6;   -23.01; 0.001083;    7.712;   14.396;
1ah1-v08;  YDPEYRNFWGCG-v1; 7;   -22.59; 0.000914;    2.430;    3.255;
1ah1-v08;  YDPEYRNFWGCG-v1; 8;   -22.59; 0.000914;   28.172;   34.483;
1ah1-v08;  YDPEYRNFWGCG-v1; 9;   -22.59; 0.000914;    8.208;   20.252;
1ah1-v09;  YDPEYRNFWGCG-v1; 1;   -21.34; 0.000552;    0.000;    0.000;
1ah1-v09;  YDPEYRNFWGCG-v1; 2;   -21.34; 0.000552;    4.909;   12.015;
1ah1-v09;  YDPEYRNFWGCG-v1; 3;   -21.34; 0.000552;    4.120;    9.791;
1ah1-v09;  YDPEYRNFWGCG-v1; 4;   -21.34; 0.000552;    3.430;   12.522;
1ah1-v09;  YDPEYRNFWGCG-v1; 5;   -20.92; 0.000466;    3.143;    8.162;
1ah1-v09;  YDPEYRNFWGCG-v1; 6;   -20.08; 0.000332;   17.047;   23.340;
1ah1-v09;  YDPEYRNFWGCG-v1; 7;   -20.08; 0.000332;    4.957;    9.876;
1ah1-v09;  YDPEYRNFWGCG-v1; 8;   -20.08; 0.000332;    3.389;   12.591;
1ah1-v09;  YDPEYRNFWGCG-v1; 9;   -20.08; 0.000332;    2.927;    7.933;
1ah1-v11;  YDPEYRNFWGCG-v1; 1;   -20.92; 0.000466;    0.000;    0.000;
1ah1-v11;  YDPEYRNFWGCG-v1; 2;   -20.92; 0.000466;    1.676;    2.354;
1ah1-v11;  YDPEYRNFWGCG-v1; 3;   -20.50; 0.000393;    1.926;    3.571;
1ah1-v11;  YDPEYRNFWGCG-v1; 4;   -20.08; 0.000332;    2.978;    4.673;
1ah1-v11;  YDPEYRNFWGCG-v1; 5;   -19.66; 0.000280;    3.166;    5.498;
1ah1-v11;  YDPEYRNFWGCG-v1; 6;   -19.66; 0.000280;    2.774;    5.027;
1ah1-v11;  YDPEYRNFWGCG-v1; 7;   -19.66; 0.000280;    7.976;   17.979;
1ah1-v11;  YDPEYRNFWGCG-v1; 8;   -19.66; 0.000280;    3.242;    6.017;
1ah1-v11;  YDPEYRNFWGCG-v1; 9;   -19.25; 0.000237;    3.745;    7.512;
1ah1-v12;  YDPEYRNFWGCG-v1; 1;    94.14; 0.000000;    0.000;    0.000;
1ah1-v13;  YDPEYRNFWGCG-v1; 1;   -17.15; 0.000102;    0.000;    0.000;
1ah1-v13;  YDPEYRNFWGCG-v1; 2;   -15.48; 0.000052;    3.886;    9.067;
1ah1-v13;  YDPEYRNFWGCG-v1; 3;   -15.48; 0.000052;    4.247;    9.817;
1ah1-v13;  YDPEYRNFWGCG-v1; 4;   -15.48; 0.000052;    2.835;    6.540;
1ah1-v13;  YDPEYRNFWGCG-v1; 5;   -15.06; 0.000044;    9.135;   16.974;
1ah1-v13;  YDPEYRNFWGCG-v1; 6;   -15.06; 0.000044;    4.369;   10.050;
1ah1-v13;  YDPEYRNFWGCG-v1; 7;   -15.06; 0.000044;    8.984;   16.152;
1ah1-v13;  YDPEYRNFWGCG-v1; 8;   -14.64; 0.000037;    8.756;   16.633;
1ah1-v13;  YDPEYRNFWGCG-v1; 9;   -14.64; 0.000037;   13.906;   23.953;
1ah1-v14;  YDPEYRNFWGCG-v1; 1;   -25.10; 0.002519;    0.000;    0.000;
1ah1-v14;  YDPEYRNFWGCG-v1; 2;   -24.69; 0.002135;    3.079;    4.732;
1ah1-v14;  YDPEYRNFWGCG-v1; 3;   -24.69; 0.002135;    2.773;    5.216;
1ah1-v14;  YDPEYRNFWGCG-v1; 4;   -24.69; 0.002135;    3.119;    5.120;
1ah1-v14;  YDPEYRNFWGCG-v1; 5;   -24.27; 0.001802;    3.319;    7.259;
1ah1-v14;  YDPEYRNFWGCG-v1; 6;   -24.27; 0.001802;    3.601;    7.816;
1ah1-v14;  YDPEYRNFWGCG-v1; 7;   -23.85; 0.001521;    4.578;   18.022;
1ah1-v14;  YDPEYRNFWGCG-v1; 8;   -23.43; 0.001284;    7.768;   14.290;
1ah1-v14;  YDPEYRNFWGCG-v1; 9;   -23.43; 0.001284;    3.919;    8.003;
1ah1-v15;  YDPEYRNFWGCG-v1; 1;   -23.01; 0.001083;    0.000;    0.000;
1ah1-v15;  YDPEYRNFWGCG-v1; 2;   -22.18; 0.000775;   15.898;   24.639;
1ah1-v15;  YDPEYRNFWGCG-v1; 3;   -21.34; 0.000552;    2.978;    6.518;
1ah1-v15;  YDPEYRNFWGCG-v1; 4;   -21.34; 0.000552;    2.719;    8.024;
1ah1-v15;  YDPEYRNFWGCG-v1; 5;   -21.34; 0.000552;   15.757;   23.712;
1ah1-v15;  YDPEYRNFWGCG-v1; 6;   -20.50; 0.000393;    1.761;    2.928;
1ah1-v15;  YDPEYRNFWGCG-v1; 7;   -20.08; 0.000332;    3.619;    8.379;
1ah1-v15;  YDPEYRNFWGCG-v1; 8;   -20.08; 0.000332;    6.635;   18.311;
1ah1-v15;  YDPEYRNFWGCG-v1; 9;   -20.08; 0.000332;   14.408;   23.332;
1ah1-v16;  YDPEYRNFWGCG-v1; 1;   -16.32; 0.000073;    0.000;    0.000;
1ah1-v16;  YDPEYRNFWGCG-v1; 2;   -16.32; 0.000073;    6.996;   18.907;
1ah1-v16;  YDPEYRNFWGCG-v1; 3;   -15.06; 0.000044;    6.556;   18.624;
1ah1-v16;  YDPEYRNFWGCG-v1; 4;   -14.64; 0.000037;    7.375;   18.555;
1ah1-v16;  YDPEYRNFWGCG-v1; 5;   -14.64; 0.000037;   13.472;   21.867;
1ah1-v16;  YDPEYRNFWGCG-v1; 6;   -13.81; 0.000026;   13.627;   21.971;
1ah1-v16;  YDPEYRNFWGCG-v1; 7;   -13.81; 0.000026;    5.680;   18.179;
1ah1-v16;  YDPEYRNFWGCG-v1; 8;   -12.97; 0.000019;    1.650;    2.189;
1ah1-v16;  YDPEYRNFWGCG-v1; 9;   -11.72; 0.000011;    2.263;    3.050;
1ah1-v17;  YDPEYRNFWGCG-v1; 1;   -28.03; 0.008225;    0.000;    0.000;
1ah1-v17;  YDPEYRNFWGCG-v1; 2;   -27.20; 0.005883;    4.796;   12.788;
1ah1-v17;  YDPEYRNFWGCG-v1; 3;   -26.78; 0.004965;    4.795;   14.215;
1ah1-v17;  YDPEYRNFWGCG-v1; 4;   -26.36; 0.004191;    5.276;   13.487;
1ah1-v17;  YDPEYRNFWGCG-v1; 5;   -25.52; 0.002985;    3.810;   10.105;
1ah1-v17;  YDPEYRNFWGCG-v1; 6;   -25.52; 0.002985;    3.457;   11.685;
1ah1-v17;  YDPEYRNFWGCG-v1; 7;   -25.10; 0.002519;    3.387;   12.293;
1ah1-v17;  YDPEYRNFWGCG-v1; 8;   -25.10; 0.002519;    4.080;    8.833;
1ah1-v17;  YDPEYRNFWGCG-v1; 9;   -25.10; 0.002519;    3.851;    8.911;
1ah1-v18;  YDPEYRNFWGCG-v1; 1;   -11.30; 0.000010;    0.000;    0.000;
1ah1-v18;  YDPEYRNFWGCG-v1; 2;   -10.88; 0.000008;    7.121;   21.630;
1ah1-v18;  YDPEYRNFWGCG-v1; 3;   -10.88; 0.000008;    8.496;   12.724;
1ah1-v18;  YDPEYRNFWGCG-v1; 4;   -10.46; 0.000007;    7.420;   20.848;
1ah1-v18;  YDPEYRNFWGCG-v1; 5;   -10.46; 0.000007;    7.931;   20.937;
1ah1-v18;  YDPEYRNFWGCG-v1; 6;   -10.04; 0.000006;    6.752;   20.603;
1ah1-v18;  YDPEYRNFWGCG-v1; 7;    -9.62; 0.000005;   30.947;   41.188;
1ah1-v18;  YDPEYRNFWGCG-v1; 8;    -8.79; 0.000003;    8.323;   21.907;
1ah1-v18;  YDPEYRNFWGCG-v1; 9;    -8.37; 0.000003;   22.808;   32.144;
1ah1-v19;  YDPEYRNFWGCG-v1; 1;   -19.66; 0.000280;    0.000;    0.000;
1ah1-v19;  YDPEYRNFWGCG-v1; 2;   -19.25; 0.000237;   19.884;   29.111;
1ah1-v19;  YDPEYRNFWGCG-v1; 3;   -18.83; 0.000200;    1.821;    4.928;
1ah1-v19;  YDPEYRNFWGCG-v1; 4;   -18.41; 0.000169;    3.043;    8.486;
1ah1-v19;  YDPEYRNFWGCG-v1; 5;   -18.41; 0.000169;   20.187;   28.971;
1ah1-v19;  YDPEYRNFWGCG-v1; 6;   -17.99; 0.000143;   22.508;   27.718;
1ah1-v19;  YDPEYRNFWGCG-v1; 7;   -17.57; 0.000120;   19.655;   28.537;
1ah1-v19;  YDPEYRNFWGCG-v1; 8;   -17.15; 0.000102;   18.839;   27.938;
1ah1-v19;  YDPEYRNFWGCG-v1; 9;   -16.74; 0.000086;   19.071;   28.660;
1ah1-v20;  YDPEYRNFWGCG-v1; 1;   -10.88; 0.000008;    0.000;    0.000;
1ah1-v20;  YDPEYRNFWGCG-v1; 2;    -9.62; 0.000005;    1.740;    2.094;
1ah1-v20;  YDPEYRNFWGCG-v1; 3;    -8.37; 0.000003;    2.137;    2.851;
1ah1-v20;  YDPEYRNFWGCG-v1; 4;    -8.37; 0.000003;    1.717;    2.166;
1ah1-v20;  YDPEYRNFWGCG-v1; 5;    -8.37; 0.000003;    6.081;   21.368;
1ah1-v20;  YDPEYRNFWGCG-v1; 6;    -7.95; 0.000002;    6.414;   14.912;
1ah1-v20;  YDPEYRNFWGCG-v1; 7;    -7.95; 0.000002;    7.460;   24.618;
1ah1-v20;  YDPEYRNFWGCG-v1; 8;    -6.69; 0.000001;    6.642;   24.636;
1ah1-v20;  YDPEYRNFWGCG-v1; 9;    -6.69; 0.000001;    8.009;   25.153;
1ah1-v01;  YDPEYRNFWGCG-v1; 1;   -20.08; 0.000332;    0.000;    0.000;
1ah1-v01;  YDPEYRNFWGCG-v1; 2;   -19.66; 0.000280;    2.044;    3.104;
1ah1-v01;  YDPEYRNFWGCG-v1; 3;   -19.66; 0.000280;    3.663;   12.875;
1ah1-v01;  YDPEYRNFWGCG-v1; 4;   -19.66; 0.000280;    4.616;   11.429;
1ah1-v01;  YDPEYRNFWGCG-v1; 5;   -18.83; 0.000200;    6.159;   15.334;
1ah1-v01;  YDPEYRNFWGCG-v1; 6;   -18.83; 0.000200;    4.191;    9.985;
1ah1-v01;  YDPEYRNFWGCG-v1; 7;   -18.83; 0.000200;    2.813;    7.152;
1ah1-v01;  YDPEYRNFWGCG-v1; 8;   -18.83; 0.000200;    4.710;   14.031;
1ah1-v01;  YDPEYRNFWGCG-v1; 9;   -18.41; 0.000169;    2.887;    7.298;
1ah1-v02;  YDPEYRNFWGCG-v1; 1;   -25.52; 0.002985;    0.000;    0.000;
1ah1-v02;  YDPEYRNFWGCG-v1; 2;   -25.52; 0.002985;    9.227;   13.994;
1ah1-v02;  YDPEYRNFWGCG-v1; 3;   -25.52; 0.002985;   12.925;   20.643;
1ah1-v02;  YDPEYRNFWGCG-v1; 4;   -25.52; 0.002985;   13.368;   21.249;
1ah1-v02;  YDPEYRNFWGCG-v1; 5;   -25.10; 0.002519;   15.111;   20.352;
1ah1-v02;  YDPEYRNFWGCG-v1; 6;   -24.69; 0.002135;    7.944;   16.457;
1ah1-v02;  YDPEYRNFWGCG-v1; 7;   -24.69; 0.002135;    9.130;   14.007;
1ah1-v02;  YDPEYRNFWGCG-v1; 8;   -24.69; 0.002135;    1.686;    2.187;
1ah1-v02;  YDPEYRNFWGCG-v1; 9;   -24.69; 0.002135;   14.059;   20.856;
1ah1-v03;  YDPEYRNFWGCG-v1; 1;   -18.41; 0.000169;    0.000;    0.000;
1ah1-v03;  YDPEYRNFWGCG-v1; 2;   -17.99; 0.000143;    1.815;    2.184;
1ah1-v03;  YDPEYRNFWGCG-v1; 3;   -16.74; 0.000086;   21.668;   28.671;
1ah1-v03;  YDPEYRNFWGCG-v1; 4;   -15.90; 0.000061;   20.438;   30.948;
1ah1-v03;  YDPEYRNFWGCG-v1; 5;   -15.48; 0.000052;   21.599;   30.357;
1ah1-v03;  YDPEYRNFWGCG-v1; 6;   -15.48; 0.000052;    2.507;    3.480;
1ah1-v03;  YDPEYRNFWGCG-v1; 7;   -15.48; 0.000052;   21.856;   29.714;
1ah1-v03;  YDPEYRNFWGCG-v1; 8;   -15.06; 0.000044;    2.344;    3.528;
1ah1-v03;  YDPEYRNFWGCG-v1; 9;   -15.06; 0.000044;    2.363;    3.554;
1ah1-v04;  YDPEYRNFWGCG-v1; 1;   116.73; 0.000000;    0.000;    0.000;
1ah1-v05;  YDPEYRNFWGCG-v1; 1;    -2.51; 0.000000;    0.000;    0.000;
1ah1-v05;  YDPEYRNFWGCG-v1; 2;    -1.67; 0.000000;    1.766;    4.833;
1ah1-v06;  YDPEYRNFWGCG-v1; 1;   -26.36; 0.004191;    0.000;    0.000;
1ah1-v06;  YDPEYRNFWGCG-v1; 2;   -26.36; 0.004191;    1.638;    2.418;
1ah1-v06;  YDPEYRNFWGCG-v1; 3;   -25.52; 0.002985;    2.108;    3.104;
1ah1-v06;  YDPEYRNFWGCG-v1; 4;   -25.10; 0.002519;   10.230;   15.515;
1ah1-v06;  YDPEYRNFWGCG-v1; 5;   -25.10; 0.002519;    1.670;    2.509;
1ah1-v06;  YDPEYRNFWGCG-v1; 6;   -24.69; 0.002135;    6.928;   14.114;
1ah1-v06;  YDPEYRNFWGCG-v1; 7;   -23.85; 0.001521;   10.258;   15.464;
1ah1-v06;  YDPEYRNFWGCG-v1; 8;   -23.85; 0.001521;    9.927;   15.464;
1ah1-v06;  YDPEYRNFWGCG-v1; 9;   -23.43; 0.001284;   12.477;   20.636;
1ah1-v07;  YDPEYRNFWGCG-v1; 1;   -23.01; 0.001083;    0.000;    0.000;
1ah1-v07;  YDPEYRNFWGCG-v1; 2;   -23.01; 0.001083;    4.838;   14.216;
1ah1-v07;  YDPEYRNFWGCG-v1; 3;   -22.59; 0.000914;    4.911;   14.117;
1ah1-v07;  YDPEYRNFWGCG-v1; 4;   -22.18; 0.000775;    4.399;   13.964;
1ah1-v07;  YDPEYRNFWGCG-v1; 5;   -22.18; 0.000775;    4.733;   12.743;
1ah1-v07;  YDPEYRNFWGCG-v1; 6;   -21.76; 0.000654;    8.798;   15.917;
1ah1-v07;  YDPEYRNFWGCG-v1; 7;   -21.76; 0.000654;   25.115;   30.578;
1ah1-v07;  YDPEYRNFWGCG-v1; 8;   -21.34; 0.000552;   21.050;   27.753;
1ah1-v07;  YDPEYRNFWGCG-v1; 9;   -21.34; 0.000552;    6.463;   12.298;
1ah1-v08;  YDPEYRNFWGCG-v1; 1;   -21.34; 0.000552;    0.000;    0.000;
1ah1-v08;  YDPEYRNFWGCG-v1; 2;   -20.92; 0.000466;   19.926;   27.271;
1ah1-v08;  YDPEYRNFWGCG-v1; 3;   -20.08; 0.000332;    4.912;   14.438;
1ah1-v08;  YDPEYRNFWGCG-v1; 4;   -20.08; 0.000332;    3.713;    7.048;
1ah1-v08;  YDPEYRNFWGCG-v1; 5;   -19.66; 0.000280;    4.199;    7.554;
1ah1-v08;  YDPEYRNFWGCG-v1; 6;   -19.66; 0.000280;    3.216;    6.359;
1ah1-v08;  YDPEYRNFWGCG-v1; 7;   -19.66; 0.000280;    2.904;    7.045;
1ah1-v08;  YDPEYRNFWGCG-v1; 8;   -19.66; 0.000280;    9.307;   18.665;
1ah1-v08;  YDPEYRNFWGCG-v1; 9;   -19.66; 0.000280;   19.900;   27.283;
1ah1-v09;  YDPEYRNFWGCG-v1; 1;   -20.50; 0.000393;    0.000;    0.000;
1ah1-v09;  YDPEYRNFWGCG-v1; 2;   -20.08; 0.000332;    3.105;    6.886;
1ah1-v09;  YDPEYRNFWGCG-v1; 3;   -19.25; 0.000237;    2.520;    3.779;
1ah1-v09;  YDPEYRNFWGCG-v1; 4;   -19.25; 0.000237;    3.011;    7.577;
1ah1-v09;  YDPEYRNFWGCG-v1; 5;   -18.83; 0.000200;    3.087;    8.520;
1ah1-v09;  YDPEYRNFWGCG-v1; 6;   -18.83; 0.000200;    2.143;    3.598;
1ah1-v09;  YDPEYRNFWGCG-v1; 7;   -18.83; 0.000200;    2.548;    4.738;
1ah1-v09;  YDPEYRNFWGCG-v1; 8;   -18.41; 0.000169;   20.032;   26.804;
1ah1-v09;  YDPEYRNFWGCG-v1; 9;   -17.99; 0.000143;    3.671;   10.032;
1ah1-v10;  YDPEYRNFWGCG-v1; 1;   812.53; 0.000000;    0.000;    0.000;
1ah1-v11;  YDPEYRNFWGCG-v1; 1;   -19.66; 0.000280;    0.000;    0.000;
1ah1-v11;  YDPEYRNFWGCG-v1; 2;   -17.99; 0.000143;    2.868;    7.571;
1ah1-v11;  YDPEYRNFWGCG-v1; 3;   -17.99; 0.000143;   13.706;   22.899;
1ah1-v11;  YDPEYRNFWGCG-v1; 4;   -17.15; 0.000102;    3.119;    8.088;
1ah1-v11;  YDPEYRNFWGCG-v1; 5;   -17.15; 0.000102;    2.467;    4.072;
1ah1-v11;  YDPEYRNFWGCG-v1; 6;   -17.15; 0.000102;    2.874;    7.346;
1ah1-v11;  YDPEYRNFWGCG-v1; 7;   -16.74; 0.000086;    2.915;    4.220;
1ah1-v11;  YDPEYRNFWGCG-v1; 8;   -16.74; 0.000086;   25.435;   37.424;
1ah1-v11;  YDPEYRNFWGCG-v1; 9;   -16.32; 0.000073;    3.928;   12.239;
1ah1-v12;  YDPEYRNFWGCG-v1; 1;     3.35; 0.000000;    0.000;    0.000;
1ah1-v13;  YDPEYRNFWGCG-v1; 1;   -18.41; 0.000169;    0.000;    0.000;
1ah1-v13;  YDPEYRNFWGCG-v1; 2;   -17.99; 0.000143;    5.044;    9.026;
1ah1-v13;  YDPEYRNFWGCG-v1; 3;   -17.57; 0.000120;    4.409;    8.449;
1ah1-v13;  YDPEYRNFWGCG-v1; 4;   -17.15; 0.000102;   24.483;   32.483;
1ah1-v13;  YDPEYRNFWGCG-v1; 5;   -16.74; 0.000086;    3.356;    5.998;
1ah1-v13;  YDPEYRNFWGCG-v1; 6;   -16.32; 0.000073;   24.152;   32.680;
1ah1-v13;  YDPEYRNFWGCG-v1; 7;   -16.32; 0.000073;   23.145;   31.918;
1ah1-v13;  YDPEYRNFWGCG-v1; 8;   -15.06; 0.000044;    2.777;    5.043;
1ah1-v13;  YDPEYRNFWGCG-v1; 9;   -15.06; 0.000044;    9.968;   19.031;
1ah1-v14;  YDPEYRNFWGCG-v1; 1;   -22.59; 0.000914;    0.000;    0.000;
1ah1-v14;  YDPEYRNFWGCG-v1; 2;   -22.59; 0.000914;    2.738;    6.222;
1ah1-v14;  YDPEYRNFWGCG-v1; 3;   -22.18; 0.000775;    3.174;    6.871;
1ah1-v14;  YDPEYRNFWGCG-v1; 4;   -21.34; 0.000552;    3.806;   14.659;
1ah1-v14;  YDPEYRNFWGCG-v1; 5;   -20.50; 0.000393;    2.594;    6.235;
1ah1-v14;  YDPEYRNFWGCG-v1; 6;   -20.08; 0.000332;    2.912;    6.612;
1ah1-v14;  YDPEYRNFWGCG-v1; 7;   -20.08; 0.000332;    3.649;   14.962;
1ah1-v14;  YDPEYRNFWGCG-v1; 8;   -19.66; 0.000280;    3.562;   14.980;
1ah1-v14;  YDPEYRNFWGCG-v1; 9;   -19.25; 0.000237;    3.378;    6.717;
1ah1-v15;  YDPEYRNFWGCG-v1; 1;   -25.10; 0.002519;    0.000;    0.000;
1ah1-v15;  YDPEYRNFWGCG-v1; 2;   -24.27; 0.001802;    4.282;   11.380;
1ah1-v15;  YDPEYRNFWGCG-v1; 3;   -24.27; 0.001802;    3.971;    7.920;
1ah1-v15;  YDPEYRNFWGCG-v1; 4;   -23.43; 0.001284;   17.240;   26.043;
1ah1-v15;  YDPEYRNFWGCG-v1; 5;   -23.43; 0.001284;   11.577;   18.013;
1ah1-v15;  YDPEYRNFWGCG-v1; 6;   -23.43; 0.001284;    3.915;    7.885;
1ah1-v15;  YDPEYRNFWGCG-v1; 7;   -23.01; 0.001083;   19.020;   27.887;
1ah1-v15;  YDPEYRNFWGCG-v1; 8;   -22.59; 0.000914;    3.771;   10.802;
1ah1-v15;  YDPEYRNFWGCG-v1; 9;   -22.18; 0.000775;   21.946;   29.023;
1ah1-v16;  YDPEYRNFWGCG-v1; 1;   -21.76; 0.000654;    0.000;    0.000;
1ah1-v16;  YDPEYRNFWGCG-v1; 2;   -21.76; 0.000654;    6.616;   15.910;
1ah1-v16;  YDPEYRNFWGCG-v1; 3;   -21.34; 0.000552;   14.483;   23.283;
1ah1-v16;  YDPEYRNFWGCG-v1; 4;   -20.92; 0.000466;    6.531;   15.836;
1ah1-v16;  YDPEYRNFWGCG-v1; 5;   -20.50; 0.000393;    1.772;    2.431;
1ah1-v16;  YDPEYRNFWGCG-v1; 6;   -19.66; 0.000280;    3.687;    7.638;
1ah1-v16;  YDPEYRNFWGCG-v1; 7;   -19.66; 0.000280;   15.576;   24.232;
1ah1-v16;  YDPEYRNFWGCG-v1; 8;   -18.41; 0.000169;   14.218;   22.807;
1ah1-v16;  YDPEYRNFWGCG-v1; 9;   -18.41; 0.000169;    7.570;   14.613;
1ah1-v17;  YDPEYRNFWGCG-v1; 1;   -23.01; 0.001083;    0.000;    0.000;
1ah1-v17;  YDPEYRNFWGCG-v1; 2;   -23.01; 0.001083;    3.304;    8.983;
1ah1-v17;  YDPEYRNFWGCG-v1; 3;   -22.59; 0.000914;    5.842;   11.907;
1ah1-v17;  YDPEYRNFWGCG-v1; 4;   -22.59; 0.000914;    3.715;    8.387;
1ah1-v17;  YDPEYRNFWGCG-v1; 5;   -22.18; 0.000775;    3.371;    7.755;
1ah1-v17;  YDPEYRNFWGCG-v1; 6;   -22.18; 0.000775;    4.712;   14.011;
1ah1-v17;  YDPEYRNFWGCG-v1; 7;   -22.18; 0.000775;    3.625;    7.818;
1ah1-v17;  YDPEYRNFWGCG-v1; 8;   -21.76; 0.000654;    4.584;   11.837;
1ah1-v17;  YDPEYRNFWGCG-v1; 9;   -21.34; 0.000552;    4.670;   11.292;
1ah1-v18;  YDPEYRNFWGCG-v1; 1;   -15.06; 0.000044;    0.000;    0.000;
1ah1-v18;  YDPEYRNFWGCG-v1; 2;   -14.64; 0.000037;   20.866;   31.752;
1ah1-v18;  YDPEYRNFWGCG-v1; 3;   -14.64; 0.000037;   19.488;   27.409;
1ah1-v18;  YDPEYRNFWGCG-v1; 4;   -14.23; 0.000031;   20.711;   31.707;
1ah1-v18;  YDPEYRNFWGCG-v1; 5;   -13.81; 0.000026;   21.140;   31.952;
1ah1-v18;  YDPEYRNFWGCG-v1; 6;   -12.97; 0.000019;   20.788;   30.002;
1ah1-v18;  YDPEYRNFWGCG-v1; 7;   -12.55; 0.000016;    2.088;    3.072;
1ah1-v18;  YDPEYRNFWGCG-v1; 8;   -12.13; 0.000013;   20.493;   28.985;
1ah1-v18;  YDPEYRNFWGCG-v1; 9;   -12.13; 0.000013;   20.708;   28.305;
1ah1-v19;  YDPEYRNFWGCG-v1; 1;   -17.57; 0.000120;    0.000;    0.000;
1ah1-v19;  YDPEYRNFWGCG-v1; 2;   -17.15; 0.000102;    2.475;    3.711;
1ah1-v19;  YDPEYRNFWGCG-v1; 3;   -17.15; 0.000102;    1.910;    2.761;
1ah1-v19;  YDPEYRNFWGCG-v1; 4;   -15.48; 0.000052;    2.090;    3.350;
1ah1-v19;  YDPEYRNFWGCG-v1; 5;   -15.48; 0.000052;    4.796;    9.564;
1ah1-v19;  YDPEYRNFWGCG-v1; 6;   -15.48; 0.000052;    6.745;   12.893;
1ah1-v19;  YDPEYRNFWGCG-v1; 7;   -15.48; 0.000052;    5.426;   14.409;
1ah1-v19;  YDPEYRNFWGCG-v1; 8;   -15.06; 0.000044;    4.850;   13.293;
1ah1-v19;  YDPEYRNFWGCG-v1; 9;   -15.06; 0.000044;    2.465;    3.645;
1ah1-v20;  YDPEYRNFWGCG-v1; 1;    -7.53; 0.000002;    0.000;    0.000;
1ah1-v20;  YDPEYRNFWGCG-v1; 2;    -6.28; 0.000001;    1.408;    2.089;
1ah1-v20;  YDPEYRNFWGCG-v1; 3;    -6.28; 0.000001;   29.609;   40.529;
1ah1-v20;  YDPEYRNFWGCG-v1; 4;    -6.28; 0.000001;    1.554;    2.355;
1ah1-v20;  YDPEYRNFWGCG-v1; 5;    -5.44; 0.000001;    5.619;   18.784;
1ah1-v20;  YDPEYRNFWGCG-v1; 6;    -4.18; 0.000001;    6.246;   18.735;
1ah1-v20;  YDPEYRNFWGCG-v1; 7;    -2.93; 0.000000;   29.491;   40.572;
1ah1-v20;  YDPEYRNFWGCG-v1; 8;    -2.09; 0.000000;    1.895;    2.422;
1ah1-v20;  YDPEYRNFWGCG-v1; 9;     0.00; 0.000000;    5.720;   19.139;
